ja,en,.,.
二週間後、休んでもいい？,Is it cool to rest two weeks from now?,,
一週間後、休んでもいい？,Is it cool to rest one week from now?,,
一週間後、ビジュアルレッスンしてい～い？,"Next week, is it cool to have a visual lesson?",,
あのね……,"Uh, hey...",,
みんな──,Everyone...,,
結果は聞いた\r\n……ここまでだったようだな,I heard the results.\r\nLooks like this is it.,,
……はい。目標には、届きませんでした,"...Yeah. Our goals, weren't reached.",,
『W.I.N.G.』はあらゆるアイドルが\r\n憧れるステージですからね,"""W.I.N.G."" is the stage that\r\nall idols strive for.",,
道はとっても険しかった、\r\nということなのでしょう……,"The road is grueling,\r\nthat's what they say...",,
結果を出せず、申し訳ありませんでした……,"To walk away empty handed,\r\nthere's no excuse......",,
……私たちに謝っている場合じゃない\r\n彼女が、お前を待っているだろう？,"...you shouldn't be apologizing to us.\r\nThe girl, she's waiting for you right?",,
つらいだろうが、これもプロデューサーの仕事だ,"It's painful, but this is also a\r\nProducer's job.",,
……行ってきます,...I'm going.,,
え～、ダメだったってマジで～～？,"Eh～, it's seriously awful is it～～?",,
ああ……残念ながら、一次審査を通過できなかった,"Yeah... it's regrettable but, we couldn't pass the first stage inspection.",,
そっかー、イケたと思ったのに～\r\nマジでショックなんだけど～……,"I see, even though I thought I was good at it～\r\nI'm seriously shocked～...",,
……愛依には間違いなくポテンシャルがあった\r\nそれを引き出せなかった俺の責任だ,...There's no doubt you have potential.\r\nI didn't fulfill my duty to draw it out.,,
だからこそ、これで諦めず頑張って欲しい……\r\n俺も今回の結果を反省して、挽回することを約束するよ,"That's why, I don't want you to give up hope...\r\nI'll also reflect on these results and I promise to recover.",,
そだね、まだアイドル始めたばっかだし\r\n続けていけば、どうにかなるっしょ！,"That's right, I've just started being an idol.\r\nIf I keep going, I'll be able to do it!",,
ああ、その意気だ！\r\n一緒に頑張っていこう……！,"Yeah, that's the spirit!\r\nLet's keep doing our best together...!",,
二週間後、ビジュアルレッスンしてい～い？,Is it alright to have a visual lesson in two weeks?,,
あ～、やっぱなんか物足りないカンジするわ～,"Ah～, this kinda feels lame～",,
次は頼むね～、プロデューサー,"Keep my next promise, okay Producer～?",,
あ、ヤッバ！　今日誘われてたんじゃん！,"Ah, shoot! I was invited out today!",,
友達、ちょーおこなんだけど～……,My friend might get a little pissed～...,,
プロデューサー、ちょい誘われちゃって\r\n断れない系でさ～,"Producer, I kinda don't want to break my promise～",,
今週、休んでもいい？,Is it cool if I take this week off?,,
一週間後、ボーカルレッスンってできる～？,Would I be able to do a vocal lesson in one week～?,,
あ～、もうちょい体動かしたい系～,"Ah～, I kinda wanna move my body a little～",,
プロデューサー、今週ダンスレッスンしたいんだけど,"So Producer, I want to have a\r\ndance lesson this week.",,
おっ、さすがプロデューサーじゃん♪,Oh、that's my Producer♪,,
え～、無理なん？\r\nま、しゃーないか～,Eh～、I can't？\r\nWell、I guessss～,,
うぁ～,Wah～,,
うち、もっとアガるメイクテク覚えたいんだよね～,"I, was wanting to learn some new makeup techniques～",,
今週、ビジュアルレッスンしてい～い？,Is it cool if I do a visual lesson this week？,,
プロデューサー、一週間後ダンスレッスンしたいんだけど,"So I wanna have a dance lesson in one week, Producer.",,
よっしゃ～、めっちゃ動いた～！,"Alright～, I worked a lot～!",,
マジスッキリだわ！\r\nプロデューサー、サンキュ！,"That's such a relief!\r\nThank you, Producer!",,
プロデューサー、見てよ\r\nこのメイク、ちょーヤバくない？,"Producer, look.\r\nThis makeup, isn't it totally awesome?",,
マジアガるわ～\r\nプロデューサーもそう思うっしょ？,It's seriously better～\r\nYou think so too right?,,
あの曲、もっといいカンジに歌いたいんだけどさ～,"That song, I want to like, sing it better, yeah～?",,
今週、ボーカルレッスンってできる～？,"This week, can I have a vocal lesson～?",,
～♪\r\nどう、上手くなったっしょ～,"Hmmhmm♪\r\nWoah, didn't I get better～?",,
今度カラオケでも歌おっかな～\r\nサンキュ！　プロデューサー,"I'll have to sing it next time I do karaoke～\r\nThank you, Producer!",,
二週間後、ボーカルレッスンってできる～？,Can I have a vocal lesson in two weeks～?,,
うちひとりで練習したんだけどさ～,Well I just practiced on my own～,,
ひとりだとマジわかんないから\r\n次はヨロシクね～,"But since I totally don't get it myself,\r\nPlease help next time～",,
（２８３プロダクションに入社して数か月……\r\nいよいよ俺が、アイドルをプロデュースする時が来た）,(A few months have passed since I started working here at 283 Production... Now the time has finally come for me to produce an idol myself.),,
（ずっと憧れていた仕事をようやく任されたんだ、\r\nこれから精一杯頑張るぞ！）,"(I'm finally getting to do the job I've dreamed of for so long, so I want to do my very best!)",,
おはようございます！\r\nって、天井社長……？,"Good morning!
Ah! President Amai...?",,
おはよう、お前を待っていたぞ,Good morning. I've been waiting for you.,,
（この２８３プロダクションを束ねる\r\n天井社長……あいかわらずダンディな雰囲気だ）,(President Amai is the boss here at 283 Production... He comes off as a bit of a dandy.),,
お前には今日から、アイドルを\r\nプロデュースしてもらうと伝えていたが……,"I'm here to tell you that starting today,
you will begin producing an idol yourself...",,
素晴らしい結果を期待させてもらう\r\n私は甘くないぞ,"I'm expecting some spectacular results.
I am not a lenient man.",,
は、はい！　よろしくお願いします！,O-of course! I will do all I can!,,
よろしい。では、仕事の説明ははづきに任せて……,Excellent. I'll let Hazuki explain the rest...,,
？　はづきさんはどこにも……あっ！？,Hm? Where is Hazuki? Actually... Woah!?,,
（そ、ソファの裏で誰かが倒れてる！？）,(Th-There's someone passed out behind the sofa!?),,
……ふわぁ～？\r\nなんですか～急に大きな声出して～……,"...Mhmhn?
What's going on... Why's everyone being so loud?",,
は、はづき……なぜ床で寝ているんだ,H-Hazuki... Why were you sleeping on the floor?,,
すみません、ソファへ着く前に\r\n眠気に負けてしまいまして～……,"My apologies, I was so sleepy,
I couldn't make it to the sofa in time.",,
せっかくまじめな雰囲気を出したというのに……,"We are trying to look professional here, you know...",,
……ともかく！\r\n彼に仕事の説明をしてくれ,"...Moving on! 
I'd like you to give him the details of his new job.",,
はい、もちろんです\r\nプロデューサーさん、どうぞ～,"Yes, absolutely.
Producer, please take these documents!",,
ありがとうございます\r\n……あいかわらず、わかりやすくまとまってますね、資料,"Thanks. As always, you've made everything so easy to understand.",,
（はづきさん、こういうところは頼れるんだよな……）,"(When it comes to her job, Hazuki is actually quite reliable...)",,
ありがとうございます\r\nそれじゃあ、さっそくお仕事の説明に入りますね～,"Why, thank you.
Alright, allow me to explain...",,
まず、今回のプロデュースの目標についてですが……,"To start, let's discuss your main goal...",,
ワンダーアイドルノヴァ・グランプリ……\r\n通称『W.I.N.G.』への出場を目指してください,"You will aim to have your idol participate in
the ""Wonder Idol Nova Grand Prix"", commonly known as ""W.I.N.G."".",,
『W.I.N.G.』……ですか,W.I.N.G.... You say?,,
はい\r\n新人アイドルの祭典とも言われる、すごいライブなんです,That's right. It's a special live that celebrates the best newcomer idols.,,
祭典と言われるだけあって、この『W.I.N.G.』は\r\n出場資格を手に入れるまでが厳しいんです……,"While W.I.N.G. itself is a celebration, the qualifications that must be met to participate are quite strict...",,
エントリーしたアイドルは開催前まで、\r\n全４回のシーズンごとに審査を受けます,"Idols who want to participate in W.I.N.G. must meet specific goals for four consecutive seasons, and the bar is raised each time.",,
その時、一定のランクに達していないと、\r\n出場資格を失ってしまうんです,"If these goals aren't reached by the end of a season, the idol will no longer meet the qualifications to participate in W.I.N.G.",,
ですので、精一杯頑張っていきましょ～！\r\n私もたくさんサポートさせていただきますね～,"That being said, let's try our very best!
I will do everything I can to support you.",,
……少しアドバイスをしておくが、\r\nお前は、２８３プロダクションのプロデューサーだ,"...Here's a bit of advice.
You are now a producer here at 283 Production. ",,
担当アイドルと他のアイドルたちを\r\n交流させることも重要になってくる,"It is of utmost importance to allow the idol
you'll be producing to network with the other idols here.",,
互いに影響しあうことで目指せる高みもあるだろう,"With each other's influence our idols
will be able to soar to even greater heights.",,
まあ、まずは思うようにやってみるといい\r\n結果がついてくるかは、お前とアイドルの頑張り次第だ,I recommend you begin by simply doing what you see fit. Whether good results follow depends on the effort of both you and the idol you produce.,,
では、そろそろお仕事に移ってもらいましょうか\r\n今回プロデュースするアイドルは──,"Alright, it's time for your job to officially begin.
The idol you will be producing──",,
自分でスカウトして来いか……\r\nはづきさんも社長も、無茶なこと言うなぁ。,Go scouting myself...? Both Hazuki and the\r\nPresident say some ridiculous things.,,
（う～ん。ピンとくる子、なかなか見つからない……\r\n場所を変えてみるか）,"(Hmmm. I'd know the girl when I see her, but\r\nI can't find one... guess I'll go elsewhere?)",,
（綺麗な歌声が聞こえてくる……）,(I hear a beautiful singing voice...),,
（あの子、かな……何か惹きつけられる……\r\n声をかけてみるか）,"(That girl, is it... there's something about her...\r\nShould I call out to her?)",,
こんにちは、綺麗な歌声だね,"Hello, you have a lovely singing voice.",,
ほわっ？　あっ、あの……こんにちは\r\n人がいたなんて……気が付きませんでしたっ,"Hwaa? Ah, uhm... hello. I didn't realize...\r\nthat anyone was here.",,
（この子……独特の雰囲気があるな。癒されるというか\r\n……うん、ピンときたぞ！）,"(This girl... she has a unique presence.\r\nIt's almost invigorating... yeah, she's the one!)",,
突然だけど……\r\n君、アイドルになってみる気はない？,"This may be sudden but...\r\nYou, would you like to become an idol?",,
ほわっ……\r\nえっと……アイドル、ですか？,"Hwaa...\r\nUhm... an, idol?",,
俺はアイドルのプロデューサーで、新人を探してるんだ\r\n君はいつもここで歌を？,I'm an idol producer searching for a new talent.\r\nDo you always come here to sing?,,
えと、気持ちのいいお天気なので、つい……\r\n歌ってると、鳩さんがよく集まってきてくれますし,"Well, the weather is nice, so...\r\nWhen I sing, the pidgeons gather around.",,
鳩さん……そうか、もうファンがいるんだね\r\nどうかな、アイドル、やってみないか？,"Pidgeons... I see. You already have fans then.\r\nHow about it, want to try being an idol?",,
ほわ……多分私にはできないと思います\r\n自信ありません……,Hwa... I'm not sure that I could do it.\r\nI'm not very confident...,,
すみません、せっかく誘ってくれたのに……\r\nじゃあ、これで……,"Sorry, you went to the trouble of inviting me...\r\nWell, then...",,
（何日か探して回ったけど、\r\nピンときたのはこの公園にいた……あっ、あの子だ……）,"(I've searched for a few days but, the needle\r\nin the haystack was in this park... yeah, that girl...)",,
アイドル……私がアイドルなんて……,"An idol... me, an idol...",,
やあ、また会えたね\r\nアイドルの話、もう一度考えてみてほしいんだ,"Yo, I was able to find you again.\r\nWhat I said about idols, I want you to reconsider.",,
君の中には光り輝くものがある\r\nアイドルになって、今までとは違う世界を見てみないか？,"There's a spark inside of you. Will you become an idol,\r\nand experience a whole new world from this one?",,
今までとは違う……,A whole new world......,,
私、アイドルやりますっ,"I, will try being an idol.",,
本当？　よかった！！\r\n君の名前、聞いてもいいかな？,Really? I'm so glad!!\r\nWould you mind telling me your name?,,
櫻木真乃、１6歳です\r\nこれからよろしくお願いしますね,"I'm Mano Sakuragi, age 16.\r\nFrom now on please treat me well.",,
プロデューサーさんっ、私、\r\nもっと大きな声が出せるようになりたくて……,Producer... I...\r\nI want my voice to come out louder... but...,,
今週にボーカルレッスンがしたいです,I would like to have a vocal lesson this week.,,
今週ボーカルレッスンがしたいです,I would like to have a vocal lesson this week.,,
そうですか……わかりました,Is that so...? Okay.,,
ほわぁ、たくさん歌いました,"Ooh, I sang a lot.",,
声が出やすくなった気がしますっ\r\n約束守ってくれてありがとうございました,I feel my voice came out really well.\r\nThank you for keeping my promise.,,
ほわ……、レッスンできませんでした……,Ah... You didn't let me do the lesson...,,
今度はお願いしますねっ,Please remember next time.,,
あまり成果が出ませんでした……,The result wasn't great...,,
次はもっと頑張りますね,"But next time, I'll do my best!",,
プロデューサーさん\r\n私、ダンスの動きにキレがない気がして……,Producer...\r\n...I think that my dance isn't sharp enough.,,
もっとダンスレッスンをしたいですっ\r\n今週にレッスンすることはできますか？,I want to have more dance lessons.\r\nCould I have a dance lesson this week?,,
ほわぁ、たくさんダンスしました,"Ooh, I danced a lot.",,
動きにキレが出てきたように思います\r\nありがとうございましたっ,"I think my dance improved a lot.\r\nThank you so much, Producer!",,
ダンスレッスンの日でしたよね……？,"Today was supposed to be a dance lesson, right...?",,
準備万端で待っていました！ ……ほわっ\r\nもしかして私の勘違いだったんでしょうか……？,"I was waiting for this with perfect preparation!\n...Umm, perhaps I... misunderstood?",,
私、まだまだお化粧とか慣れてなくて……,I'm still not used to makeup... so...,,
今週、ビジュアルレッスンで勉強したいですっ,"This week, I would like to have a visual lesson!",,
ほわ、お化粧の仕方、いろいろ勉強しました,"Ooh~, I learned a new way to do makeup.",,
少しだけ上達した気がします\r\nありがとうございましたっ,Feels like I improved a bit.\r\nThank you so much.,,
ほわ、ビジュアルレッスンの日ですよ,"Umm, today was supposed to be a visual lesson...",,
次こそレッスンお願いしますねっ,Please remember the lesson next time.,,
ほわぁ……少し疲れちゃいました,Haa... I'm a little bit tired.,,
今週に少しお休みしてもいいですか？,Is it okay to take a short break this week?,,
ほわぁ～、ゆっくり休めました,"Yay~, I rested really well.",,
また明日から頑張れそうですっ,I feel like I can do my best again tomorrow!,,
ほわぁ……、あまり休めませんでした,Umm... You didn't let me take a rest.,,
次はしっかりお休みします,"Next time, please let me rest!",,
一週間後にボーカルレッスンがしたいです,I would like to have a vocal lesson next week.,,
もっとダンスレッスンをしたいですっ\r\n一週間後にレッスンすることはできますか？,I want to have more dance lessons.\r\nCould I have a dance lesson next week?,,
一週間後、ビジュアルレッスンで勉強したいですっ,I'd like to study a visual lesson next week.,,
一週間後に少しお休みしてもいいですか？,Is it okay if I take a short break next week?,,
二週間後にボーカルレッスンがしたいです,I would like to have a vocal lesson in two weeks. ,,
もっとダンスレッスンをしたいですっ\r\n二週間後にレッスンすることはできますか？,I really want to take a dance lesson! Can I do one in two weeks?,,
二週間後、ビジュアルレッスンで勉強したいですっ,I'd like to study a visual lesson in two weeks.,,
二週間後に少しお休みしてもいいですか？,Is it okay if I take a short break in two weeks?,,
この前の新曲、まだ音がつかみきれてないんです\r\n……思った音が出ないというか……,I still haven't gotten a grasp on the new song recently... I can't get it to sound the way I want...,,
ボーカルレッスンをお願いしたいんですが……\r\n今週、お願いできますか？,"I want to ask for a vocal lesson, but...\r\nCan we do it this week?",,
そうですか\r\n残念ですが、仕方ないですね,"I see. That's unfortunate, but it can't be helped.",,
この間教えていただいた発声法、試してみました。,I tried out the vocal technique you taught me recently.,,
いつも以上に成長できたんじゃないかな、と……\r\n自分でも、思います,It seems like maybe I've grown more than usual... Even I think so too.,,
音楽はいくらでも再生できますし、\r\nカラオケに行けば自主トレもできます,"Music can be played as many times as you want,\r\nand I can do self practice during karaoke.",,
また、レッスン場が使えそうだったら……\r\n教えてくださいね,If it seems like you can use the lesson area again...\r\nPlease let me know.,,
すみません、プロデューサー\r\nせっかく予定を調整していただいたのに、私……,"I'm sorry, Producer\r\nEven though you already had plans, I...",,
……落ち込んでいても仕方ないですね\r\n挽回できるように、頑張ります,...Feeling down won't do anything. I'll do my best to recover.,,
動きのキレがちょっと足りない気がするんです\r\n鏡の前で動きを追求したいんですが……,"I feel like my movement is lacking a bit. I want to improve it in front of the mirror, but...",,
ダンスレッスンをお願いしたいです\r\n今週、お願いできませんか？,I would like a Dance Lesson.\r\nCould we do it this week?,,
今日はありがとうございました、プロデューサー\r\nとても気付きの多いレッスンでした,"Thank you for your work today, Producer.\r\nI realized a lot during this lesson.",,
ずっとひとりで練習を続けていたので……\r\n鏡を見ながら動きが確認できて嬉しかったです,I kept practicing by myself...\r\nI was glad I was able to confirm my movement while looking at the mirror.,,
……予約がいっぱいで使えるレッスン場がない、ですか\r\nちょっと残念です,...The schedule is too full to use the lesson area?\r\nThat's too bad.,,
当分の間は、今まで通り公園で練習しておきますね\r\nレッスン場の予約が空いたら、また教えてください,For now I will continue to keep practicing at the park.\r\nLet me know when the lesson area has openings again.,,
お化粧のこと、普段から勉強はしているんですが\r\nまだまだわからないことも多くて……,"I've been studying about makeup,\r\nbut there are still many things I don't know...",,
今週、ビジュアルレッスンお願いできませんか？,Could we do a visual lesson this week?,,
お化粧１つで印象がガラリと変わるんだって……\r\n当たり前のことですが、今日改めてそう思いました,"With just one cosmetic your appearance can change completely...\r\nIt's obvious, but I was reminded of that today.",,
前よりも自信をもって、撮影に挑めそうです,I feel like I have more confidence than before and can challenge a photo shoot.,,
レッスンに充てる時間がない、ですか……\r\nそれじゃ仕方ないですね……,So there's no time to set aside for lessons...\r\nI guess it can't be helped...,,
少し経っても、まだモヤモヤがとれないままだったら\r\n改めて、レッスンをお願いしようと思います,"If I still feel like I can't get rid of this fog later,\r\nI think I'll ask for a lesson again.",,
本当に申し訳ないんですが……\r\nここのところ体調がどうもよくなくて,"I'm truly sorry, but...\r\nLately my health hasn't been good.",,
今週、お休みをいただいてもいいですか？,Is it okay if I take a break this week?,,
忙しい中、お休みをとっていただき\r\nありがとうございます,Thank you very much for letting me take a break while we are busy.,,
また明日から、しっかりと頑張ろうと思います,I'll do my best properly again starting tomorrow.,,
予定が予定がつまってるのに、休めないですよね\r\n私もプロ、ですから……,"Even though the schedule is so full, I can't rest. I'm a pro after all...",,
仕事に穴をあけるわけにもいきませんしね\r\n気を引き締めて、前に進もうと思います,I can't leave a hole open in work either.\r\nI'll brace myself and keep moving onwards.,,
ボーカルレッスンをお願いしたいんですが……\r\n一週間後にお願いできますか？,"I would like a vocal lesson, but...\r\nCould we do it one week from now?",,
ダンスレッスンをお願いしたいです\r\n一週間後にお願いできませんか？,I would like a Dance Lesson.\r\nCould we do it one week from now?,,
一週間後にビジュアルレッスンお願いできませんか？,Could I have a Visual Lesson one week from now?,,
一週間後にお休みをいただいてもいいですか？,Is it okay if I take a break one week from now?,,
ボーカルレッスンをお願いしたいんですが……\r\n二週間後にお願いできますか？,"I would like a Vocal Lesson, but...\r\nCould we do it two weeks from now?",,
ダンスレッスンをお願いしたいです\r\n二週間後にお願いできませんか？,I would like a dance lesson.\r\nCould we do it two weeks from now?,,
二週間後にビジュアルレッスンお願いできませんか？,Could I have a Visual Lesson two weeks from now?,,
二週間後にお休みをいただいてもいいですか？,Is it okay if I take a break two weeks from now?,,
あのねプロデューサー、今練習してる曲、難しくて……\r\nちゃんと合わせられてない気がするんだよね……,"Umm... Producer, the song I was going to practice... I don't think I'll be able to do it easily.",,
だからボーカルレッスンしたいんだけど、\r\n今週って予定取れそうかな？,"I'd like to have a vocal lesson, could you schedule it this week?",,
えへへ、ありがとう！\r\n約束だからね、プロデューサー！,"Eheheh, thanks! Keep my promise, Producer!",,
え、だめ？\r\n……そっか、わかったよ。急にごめんね！,"Eh, I can't?\r\n...I see, got it. Sorry, gotta run!",,
約束覚えててくれてありがとう！\r\nボーカルレッスン、楽しかったよー！,"Thanks for keeping our promise, Producer! The vocal lesson was very fun!",,
これでちゃんと歌えるようになったと思うし、\r\n次聴くとき、楽しみにしててねっ,"I think I can sing a lot more properly now! Look forward to my singing, OK?",,
ちょっと、プロデューサー！　約束忘れてたでしょー\r\n次はちゃんと守ってね,"Hey, Producer! You forgot our promise... Remember next time, OK?",,
うーん、ちょっと上手くいかなかったな\r\nごめんね、せっかく約束守ってくれたのに……,Ah... It didn't turn out well... Sorry for the troubles...,,
次はもっと頑張るから、またよろしくね、\r\nプロデューサー！,"I'll make sure to do my best next time, Producer!",,
プロデューサー！\r\n新しくやった振り付け、とことんまで練習したいんだ！,Producer! I really wanna practice the new choreography! ,,
今週にダンスレッスンってできそう！？\r\nビシッと踊れるようにしちゃいたいの！,Can I have a dance lesson this week!? I wanna be able to dance a bit more!,,
はぁ踊ったー！\r\n体動かすのってやっぱり気持ちいい！,Haa... I did it! It feels good moving my body around!,,
プロデューサーが約束守ってくれたおかげで\r\n振り付けも完璧だよ！　ありがとう！,"Thanks for keeping our promise, the choreography came out perfectly!",,
ダンスレッスンしたかったのに……\r\n次は忘れないでね？　プロデューサー,"I wanted to do the dance lesson... Producer, don't forget next time, OK?",,
もっとしっかりお化粧の勉強がしたいんだよね！\r\nまだまだ知らないこといっぱいあるから！,I wanna learn more about makeup! There's still more for me to know!,,
今週とかにビジュアルレッスンしても\r\n大丈夫かなぁ？,Would it be okay to have a visual lesson this week?,,
プロデューサー、見て見て！\r\nビジュアルレッスンの成果、どうかな！？,"Producer, look! How's the result of my visual lesson!?",,
約束守ってもらえたから、\r\nレッスンも頑張っちゃったよ！,"Thanks for keeping our promise, I really did my best on the lesson!",,
もう！　プロデューサーったら約束忘れてるー！\r\n今度は守ってよー？,"Agh, Producer! You forgot our promise! Remember next time, OK?",,
プロデューサー、ちょっとお願いがあるんだけど……\r\n今週に友達と予定を入れたいんだ,"Producer, I want to ask something... I'm having a meeting with a friend this week.",,
お休み、もらっちゃダメかな？,Would it be okay if I take a week off?,,
お休みくれてありがとう、プロデューサー！\r\nたくさん友達と遊べて楽しかったよ～,"Thanks for letting me take a break, Producer! Me and my friend had so much fun~",,
今度はプロデューサーとも遊びに行きたいな！,"Let's play together next time, Producer!",,
友達と会う予定だったのに……\r\n悪いことしちゃったな,I was planning to have the meeting... Maybe I've done something bad?,,
だからボーカルレッスンしたいんだけど、\r\n一週間後って予定取れそうかな？,"I'd like to have a vocal lesson, could you schedule it next week?",,
一週間後にダンスレッスンってできそう！？\r\nビシッと踊れるようにしちゃいたいの！,Can I have a dance lesson next week!? I wanna be able to dance a bit more!,,
一週間後とかにビジュアルレッスンしても\r\n大丈夫かなぁ？,Would it be okay to have a visual lesson next week?,,
プロデューサー、ちょっとお願いがあるんだけど……\r\n一週間後に友達と予定を入れたいんだ,"Producer, I want to ask something... I'm having a meeting with a friend next week.",,
だからボーカルレッスンしたいんだけど、\r\n二週間後って予定取れそうかな？,"I'd like to have a vocal lesson, could you schedule it in two weeks from now?",,
二週間後にダンスレッスンってできそう！？\r\nビシッと踊れるようにしちゃいたいの！,Can I have a dance lesson in two weeks!? I wanna be able to dance just a bit more!,,
二週間後とかにビジュアルレッスンしても\r\n大丈夫かなぁ？,Would it be okay to have a visual lesson in two weeks from now?,,
プロデューサー、ちょっとお願いがあるんだけど……\r\n二週間後に友達と予定を入れたいんだ,"Producer, I want to ask something... I'm having a meeting with a friend in two weeks from now.",,
うち、もっともっと歌が上手になりたか！,I wanna get even better at singin'!,,
今週にみっちりボーカルレッスンしたいけん\r\nプロデューサー、場所とってくれんね？,"I'd like sum' vocal lessons for this week.\r\nProducer, can ya do that for me?",,
さすがプロデューサー！\r\nありがとーね！,"Awesome, Producer! Thank ya so much!",,
そっか……いや、気にせんとって！,"That sucks... Well, no need to worry!",,
うち、また歌が上手くなったような気がするたい！,I feel I'm gonna keep improvin' my singing more!,,
みっちりレッスンした甲斐があったわー\r\nまたよろしゅうね、プロデューサー！,"That lesson was totally worth it! Please help me out again, Producer!",,
うち、自分でもレッスンせんとと思って\r\nカラオケいってきたばい,"I thought I'd make my own lesson, so I went ta Karaoke!",,
けど、レッスン場とはやっぱり勝手が違うけん……\r\n次はちゃんと練習したかー,But the lesson room sure is different than going by myself... I wanna practice hard next time-,,
うちのわがままで調整してくれたんに……,Can ya try to adjust the schedule just for me next time...,,
申し訳なか～……\r\nうち、上手くできんかった……,Sorry for that~...\r\nI feel like I can't improve further...,,
うち、踊りは得意なんやけど\r\n練習してて必ず上手くできんところがあるんよー,"Dancin's my specialty but ya can never have enough practice, yeah!",,
プロデューサー、今週にダンスレッスンしたいばい！\r\nうち、もっと上手に踊りたかー,"Producer, I wanna have dance lessons this week! I wanna get better with my dancing~",,
ん～！ 調子が出すぎて踊り過ぎたばい！,Mhm~! I'm feelin' so energetic I could dance the night away!,,
今日はばり良かダンスレッスンができたとよ～\r\n次も頑張るけんね！ プロデューサー！,I'm glad I could have an awesome dance lesson today~ I'll keep workin' hard! Producer!,,
あー、ダンスレッスン場とれんかったんかー,"Awh, we couldn't get the dance lesson room-?",,
ならしょうがないばい！\r\nまた別ん日にすればよかよー,Well then it couldn't be helped! Guess we'll try again another day!,,
うちの魅力をもっと磨くばい！\r\nそんためには、お化粧のレッスンが必要なんよー,"I gotta refine my charm! If I want to do that, I'll need ta have a makeup lesson!",,
今週、ビジュアルレッスンしたいばってん\r\nプロデューサー、付きおうてくれんね？,"I wanna have some visual lessons this week!\r\nProducer, can ya help me with that?",,
んふふー、うち、ますます綺麗になった気がするたい,Teeheehee~ I can feel myself gettin' even prettier!,,
プロデューサーがきてくれて気合が入ったけん、\r\nありがとーね！,"I got fired up when ya showed up Producer, so thanks, yeah!",,
そっか……\r\nまあ、お化粧の練習はどこでもできるけんね,"Gotcha... well, guess I can practice makeup anywhere.",,
また、今度、よろしゅう頼むばい！,"Next time then, please consider my request!",,
ふぅー、なんかいつもの調子がでんばい……,"Huuuu-, I'm not feeling like my usual self...",,
プロデューサー、少しだけ休みたいんやけど……\r\n今週って空けられんと……？,"Producer, I really wanna have some rest...\r\nCould ya please place it in my schedule for this week?",,
ん～！　スッキリしたばいー\r\nこれでまたアイドル活動に集中できるとよ！,Hm~! It's gonna be nice- then I can really focus on my idol activities!,,
ばっちり元気になったし\r\n休んだ分、もっと頑張るけんね！,I'm feelin' right as rain! I'll do my best to make up fer more than I took off!,,
いやー、気にしてなかよ。うちもアイドルやけん\r\n忙しいのは良かことばいー,"Naw, don't worry 'bout it. I'm an idol too, so I'm okay if it's too busy.",,
ばってん、たまにはゆっくりできる時間も欲しいけん\r\n次はよろしゅうねー,"However, I do want sum time to relax! Maybe next time-",,
一週間後にみっちりボーカルレッスンしたいけん\r\nプロデューサー、場所とってくれんね？,"I'd like sum' vocal lessons next week!\r\nProducer, can ya do that for me?",,
プロデューサー、一週間後にダンスレッスンしたいばい！\r\nうち、もっと上手に踊りたかー,"Producer, I wanna have dance lessons next week! I wanna get better with my dancing~",,
一週間後、ビジュアルレッスンしたいばってん\r\nプロデューサー、付きおうてくれんね？,"I wanna have some visual lessons next week!\r\nProducer, can ya help me with that?",,
プロデューサー、少しだけ休みたいんやけど……\r\n一週間後って空けられんと……？,"Producer, I really wanna have some rest...\r\nCould ya please place it in my schedule for next week?",,
二週間後にみっちりボーカルレッスンしたいけん\r\nプロデューサー、場所とってくれんね？,"I'd like sum' vocal lessons two weeks from now!\r\nProducer, can ya do that for me?",,
プロデューサー、二週間後にダンスレッスンしたいばい！\r\nうち、もっと上手に踊りたかー,"Producer, I wanna have dance lessons two weeks from now! I wanna get better with my dancing~",,
二週間後、ビジュアルレッスンしたいばってん\r\nプロデューサー、付きおうてくれんね？,"I wanna have some visual lessons in two weeks!\r\nProducer, can ya help me with that?",,
プロデューサー、少しだけ休みたいんやけど……\r\n二週間後って空けられんと……？,"Producer, I really wanna have some rest...\r\nCould ya please place it in my schedule two weeks from now?",,
プロデューサー、私ー珍しくやる気が出てるかもー\r\nたまには大声を出してもいいかなぁってー,"Producer, I'm unusually motivated today. I'm thinking that shouting out loud could be nice sometimes～",,
今週ボーカルレッスンとか、どうですかぁ？,So how about some vocal lessons this week?,,
ふふー、プロデューサーは優しいですねー,Fufu～ Producer sure is gracious.,,
えー、プロデューサーはまみみのお願い、\r\n聞いてくれないんだー……,"Ehhh, Producer, you won't listen to Mamimi's request...?",,
いい感じに声が出せましたぁ,"Yup yup, my voice came out nicely～",,
プロデューサー、今度聞かせてあげてもいいですよー,"Producer, next time I'll even let you listen to it.",,
ボーカルレッスン、すっごくやる気だったのになぁ,"Man, and I was really motivated for vocal lessons too...",,
次こそはぁ、お願いしますねー,"Next time, for sure, riiight?",,
うーん……調子が悪かったですかねー,Mmnnn... Looks like I wasn't in good shape...,,
このままは、なんか嫌なのでー、次もお願いしますー,"That left a bad taste, so next time, please let me try it again.",,
私ー、なんだか踊りたい気分なんですケド\r\nスケジュール入れられますかぁ？,I kind of got into a dancing mood. Can you do something about my schedule?,,
今週、ダンスレッスンしたいですー,"This week, I wanna have dance lessons～",,
たくさん踊ったら疲れましたけどー、\r\nでも、すこーしだけ、楽しかったかもですねー,"I danced a lot and got really tired, but it was also a little bit fun.",,
気が向いたらまたお願いしようかなー,"If I feel like doing it again, I may ask you for it.",,
……レッスン、サボろうと思ってたんで―\r\n丁度よかったんですケド,"...Even though I thought about skipping the lesson, I ended up coming just in time.",,
……でも、プロデューサーに約束守ってもらえなくて、\r\nちょっとショックですー……,"...But, Producer didn't keep his promise. What a shocker...",,
お化粧はぁ、女子にとってなによりも大事なんですよー,"Makeup is like, the most important thing for girls～",,
なのでー、今週ビジュアルレッスンしたいですー,"With that in mind, I wanna have a visual lesson this week.",,
ふふー、どうですかぁ、プロデューサー,"Fufu～ How was that, Producer?",,
私、可愛くなりましたかぁ？,Did I become cuter?,,
約束を破るなんて―、プロデューサーも悪い人ですねー\r\n私の心、傷ついちゃったかもしれませんよー？,"Breaking promises like that, Producer is also a bad person. My heart may have been hurt, you know?",,
まぁ、次は約束守ってくださいねー\r\nプロデューサー,"Well, next time try to keep your promise, Producer.",,
プロデューサー\r\nなんだか調子が乗らないのでー,"Producer, I'm kind of feeling not too well.",,
今週は休みにしませんかぁ？,Can I take a break this week?,,
今日はちゃんと休んだのでー,I rested well today～,,
今度はぁ、真面目にレッスンしてもいいかもですねー,"Right now, I might be able to do my lessons seriously.",,
私、お風呂に入って休む気でいましたけどー,I was just going to take a bath and rest early...,,
はぁ……もう帰りますねー,Hahh... I'll just go back home.,,
一週間後ボーカルレッスンとか、どうですかぁ？,So how about some vocal lessons a week from now?,,
一週間後、ダンスレッスンしたいですー,"A week from now, I wanna have dance lessons～",,
なのでー、一週間後ビジュアルレッスンしたいですー,"With that in mind, I wanna have a visual lesson a week from now.",,
一週間後は休みにしませんかぁ？,Can I take a break a week from now?,,
二週間後ボーカルレッスンとか、どうですかぁ？,So how about some vocal lessons two weeks from now?,,
二週間後、ダンスレッスンしたいですー,"Two weeks from now, I wanna have dance lessons～",,
なのでー、二週間後ビジュアルレッスンしたいですー,"With that in mind, I wanna have a visual lesson two weeks from now.",,
二週間後は休みにしませんかぁ？,Can I take a break two weeks from now?,,
歌のパフォーマンスについて\r\nより良く見せる方法を勉強したいんだ,"Regarding my song performance, I'd like to learn how to present it better.",,
ボーカルレッスンの時間を\r\n今週で調整をしてもらっていいかな？,Could you adjust my time to fit in a vocal lesson this week?,,
フフ、ありがとう\r\nプロデューサーならそう言ってくれると思ったよ,"Fufu, thank you. I figured you'd say that since it's you.",,
そうか……仕方ないね,I see... well it can't be helped.,,
今日のレッスンで苦手な音域があることが\r\n理解できたんだ,During today's lesson I discovered a vocal range I'm poor at.,,
大きな収穫になったよ\r\nありがとう、プロデューサー,"I made great gains. Thanks, Producer.",,
もうちょっと歌の完成度を高めたかったのだけど……,I wanted to perfect my performance a little more though...,,
いや、忘れていたのなら仕方ないね……\r\n次は頼むよ,"Well, it can't be helped if you forgot... I'll ask you next time.",,
プロデューサーが約束を守ってくれたというのに\r\nこの結果なんて、我ながら情けないな……,"Even though you kept your promise, my results were deplorable...",,
次こそは期待に応えられるようにしてみせるよ,Next time I'll try to live up to your expectations.,,
この振り付けなんだけど、\r\nどうしても自分で納得できないんだ,"This choreography, I just can't manage to nail it.",,
今週にダンスレッスンをしたいんだが……\r\n頼めるかな？,Could I request... to have a dance lesson this week?,,
うん、やっと動きをモノにできた気がするね,"Yeah, it feels like I'm finally able to do that move.",,
約束を守ってくれたアナタのおかげだよ\r\nありがとう,It's because you kept your promise. Thank you.,,
次のオーディションまでに振付を\r\n完璧にしておきたかったんだけどな……,I wanted to make the choreography flawless by the next audition but...,,
いや、気にしていないよ\r\nまた予定を合わせればいいさ,"No, I don't mind. It's fine to reschedule.",,
モデルではなく、アイドルとして\r\n自分を魅力的に演出する方法を研究したいんだ,I'd like to do some research into expressing my charms as an idol rather than as a model.,,
今週にビジュアルレッスンを頼んでもいいかい？,Would it be okay to request a visual lesson this week?,,
アイドルとして自分を魅せるには\r\n着実な努力が必要なんだね,It takes constant effort to show your charm as an idol doesn't it.,,
今回は気付きの多いレッスンだったよ\r\nこのお礼はいつかしないとね,I noticed quite a bit at that lesson. I'll have to show you my appreciation.,,
アイドルとしての魅せ方は分からないままか……\r\n残念だな……,I'm still not sure how to charm as an idol... it's quite regrettable...,,
今度はきっちり\r\n約束を守ってほしいな,Next time I'd like you to be punctual with your promise.,,
ファンのみんなに喜んでもらうにはどうしたらいいか\r\nじっくりと考える時間が欲しいんだ,How can I best make all of my fans happy? I'd like some time to consider that.,,
今週に休みをもらってもいいかな？,Would I be able to take this week off?,,
じっくりと考える時間をもらえたお陰で\r\nいいアイディアを思いついたよ,"Since I deliberately took some time to think about it, I came up with a good idea.",,
これから楽しくなりそうだ\r\nありがとう、プロデューサー,"It's going to be fun from now on. Thanks, Producer.",,
日々仕事をこなしながら\r\n新しい自分を模索することは難しいね……,It's difficult to soul search for my new self if I'm busy working every day...,,
すまないが、次は時間を作ってほしいな,"I'm sorry, but I'd like you to make the time for it next time.",,
ボーカルレッスンの時間を\r\n一週間後で調整をしてもらっていいかな？,Could you adjust my time to fit in a vocal lesson next week?,,
一週間後にダンスレッスンをしたいんだが……\r\n頼めるかな？,Could I request... to have a dance lesson next week?,,
一週間後にビジュアルレッスンを頼んでもいいかい？,Would it be okay to request a visual lesson next week?,,
一週間後に休みをもらってもいいかな？,Would I be able to take time off next week?,,
ボーカルレッスンの時間を\r\n二週間後で調整をしてもらっていいかな？,Could you adjust my time to fit in a vocal lesson in two weeks?,,
二週間後にダンスレッスンをしたいんだが……\r\n頼めるかな？,Could I request... to have a dance lesson in two weeks?,,
二週間後にビジュアルレッスンを頼んでもいいかい？,Would it be okay to request a visual lesson in two weeks?,,
二週間後に休みをもらってもいいかな？,Would I be able to take time off in two weeks?,,
アイドル三峰結華に今、足りないもの……\r\nそれはズバリ！　誰もが聞き惚れるような歌声かと！,Something the idol Yuika Mitsumine is currently\r\nlacking... Answer: A heavenly singing voice that will charm anyone!,,
ということで、プロデューサー？\r\n今週にボーカルレッスンを入れて欲しいなー？,"So anyway, Producer! Will you let me do a vocal lesson this week?",,
さっすが！　プロデューサーは話が分かる男だなぁ\r\nそんじゃよろしくね！　頼みましたよっ,"Just as I hoped! You're the type who gets it, Producer. Thanks! I'm counting on you. ",,
おっと、ダメか。……ざーんねん\r\n三峰了解いたしましたー,"Uh-oh, I guess not... Oh well. Mitsumine hears you loud and clear.",,
ふっふー、これからの三峰は一味違うんだぜＰたん\r\n練習の成果、今から聴かせてあげちゃおっか？,"Hm-Hm. Mitsumine has changed quite a bit, P-tan.\r\nWould like to hear the fruits of my vocal training?",,
……あ、大丈夫？　それはまたお仕事とかで？\r\nまぁいいけど、お礼だけは言わせてほしいな。ありがとね,"Oh, you don't? You want me to save it for my next job?\r\nWell, that's cool. Really I just wanted to say thanks. So, thank you!",,
さぁてここでプロデューサーに問題です！\r\n今日はなんの日だったでしょーおかっ？,"Alright Producer, here's a question for you! Do you know what day today is?",,
正解は……？　ボーカルレッスンの約束の日でした～！\r\n……プロデューサー？　次はちゃんと守ってよね,The answer is: ...The day you were supposed to let me do a vocal lesson～!\r\n...Producer? You better keep your promise next time.,,
やっちゃったなぁ……。ごめんねプロデューサー、\r\nせっかくレッスン入れてもらったのに……,"I done goofed... I'm sorry, Producer.\r\nAfter you went out of your way to let me do those lessons, too...",,
三峰、上手くできなかったよ\r\n……次までにはなんとかするから待ってて！,"Mitsumine didn't do so well this time, huh.\r\n...I'll do whatever I can to make sure it doesn't happen again, just you wait!",,
プロデューサープロデューサー、ちょっと相談なんだけど\r\n……この前習った振り付けがね？　あんま上手くいかなくて,"Producer, Producer! I wanted to talk to you about something... That new choreography we got? It's giving me some trouble...",,
今週にダンスレッスン入れてもらえたらなーなんて……\r\n……どうかな？,"Sooo, maybe you could schedule a dance lesson this week? ...How about it?",,
プロデューサープロデューサー\r\nちょっとだけこっち！　耳貸して？,"Producer, Producer! C'mere a sec! I wanna tell you something!",,
特訓のおかげで、苦手は克服できました！\r\nありがとう。プロデューサーが約束守ってくれたおかげだよ,"Thanks to my special training, I was able to master the steps that were giving me trouble.\r\nAll because you kept your promise. Thank you!",,
えーっと、プロデューサー……？\r\nダンスレッスン、約束してたと思うんだけど……,"Ummm, Producer...? I'm pretty sure you promised me I'd have a dance lesson this week...",,
……忘れちゃってたならしょうがない！\r\n今回は水に流しましょう！,"...Well, if you just forgot it's all good! I'll let this one slide.",,
メイクって言っても一筋縄じゃいかないんだなぁこれが\r\n奥深くって困っちゃうよ,"Understanding makeup is no simple task, you see.\r\nThere's a lot that goes into it -- it's kinda tough!",,
そんなわけなので、プロデューサーにお願いです！\r\n……今週にビジュアルレッスンを入れてほしいなっ,"So I have a request for you, Producer!\r\n...I'd like it if you could schedule a visual lesson for me this week.",,
不肖三峰……メイクの極意をバッチリ学んできましたよー\r\nこれもＰたんのおかげです。本っ当に感謝してます,"The humble Mitsumine... Has learned the secret to the mystical art of makeup!\r\nIt's all thanks to you, P-tan. I'm suuuper grateful.",,
……約束、守ってくれてありがとね\r\nまた次もよろしくですよー,"...Thanks for keeping your promise. I'll be counting on you next time.",,
ひどいよプロデューサーっ……！\r\n私との約束、忘れちゃうなんてっ……！,"You're such a jerk, Producer...! I can't believe you'd break your promise...!",,
……なーんちゃってぇ、ビックリした？\r\nＰ氏も人間だもんね、またスケジュール調整お願いします！,"...Juuust kidding, did I scare you?\r\nYou're only human, I get it. Just, please remember to adjust my schedule next time!",,
いやー、最近の三峰、すごい頑張ってるなー\r\nそんなことをみんなが言ってくれてる気がするなー,"Oh maaan～ That Mitsumine's really been giving it her all recently! Everyone's been saying as much, I'm pretty sure. ",,
働き者な三峰にお休みをください……\r\nできたら今週がいいなぁ、なーんて……,"Please let poor hard-working Mitsumine have some time off... If it works for you, this week would be great...",,
いやー、いいお休みだったよー！\r\nゆっくりしっかり堪能させていただきましたっ,"Whew, what a relaxing break! I had my fill of lazing around for a while.",,
こっからは、心機一転リフレッシュした三峰で頑張るね\r\n改めてよろしくー！,"Now that she's good and refreshed, Mitsumine's gonna keep giving her all. I hope you're ready!",,
三峰をこんなに働かせるなんて\r\nプロデューサーも悪いお人だなぁ……,"Making Mitsumine work so long without a break reflects very poorly on your character, Producer.",,
……あんまり約束スルーされちゃうと、\r\nさすがの三峰もご機嫌ナナメにはなりますからね,"...If you keep ignoring Mitsumine's promises like this, she's going to be extremely grouchy. ",,
ということで、プロデューサー？\r\n一週間後にボーカルレッスンを入れて欲しいなー？,"So anyway, Producer! Will you let me do a vocal lesson one week from now?",,
一週間後にダンスレッスン入れてもらえたらなーなんて……\r\n……どうかな？,"Sooo, maybe you could schedule a dance lesson one week from now? ...How about it?",,
そんなわけなので、プロデューサーにお願いです！\r\n……一週間後にビジュアルレッスンを入れてほしいなっ,"So I have a request for you, Producer!\r\n...I'd like it if you could schedule a visual lesson for me a week from now.",,
働き者な三峰にお休みをください……\r\nできたら一週間後がいいなぁ、なーんて……,"Please let poor hard-working Mitsumine have some time off...\r\nIf it works for you, a week from now would be great...",,
ということで、プロデューサー？\r\n二週間後にボーカルレッスンを入れて欲しいなー？,"So anyway, Producer! Will you let me do a vocal lesson two weeks from now?",,
二週間後にダンスレッスン入れてもらえたらなーなんて……\r\n……どうかな？,"Sooo, maybe you could schedule a dance lesson two weeks from now? ...How about it?",,
そんなわけなので、プロデューサーにお願いです！\r\n……二週間後にビジュアルレッスンを入れてほしいなっ,"So I have a request for you, Producer!\r\n...I'd like it if you could schedule a visual lesson for me two weeks from now.",,
働き者な三峰にお休みをください……\r\nできたら二週間後がいいなぁ、なーんて……,"Please let poor hard-working Mitsumine have some time off... If it works for you, two weeks from now would be great...",,
え、と……わたし、もっと大きな声を出さないと\r\nいけないですよね……,"U-Uhm... I want to have a louder voice, but I can't...",,
ボ、ボーカルレッスンを……\r\n今週……希望……したいです……！,M-My wish... is for a vocal lesson... this week...!,,
プロデューサーさん……\r\nお、お手数をおかけします……！,Producer-san... S-Sorry for the trouble...!,,
そ、そうですよね……\r\nお騒がせして……ごめんなさい！,I-I see... it would be bothersome... sorry!,,
あー！　あー！,Aah-! Aah-!,,
ふふ、お腹から……\r\n声が出せるように……なりました……！,"Fufu, I was... able to sing... from my diaphragm...!",,
あの……ボーカルレッスンは……,Uhm... the vocal lesson...,,
いえ、なんでもないです……！\r\nレッスン室のお掃除……しておきますね！,I-It's nothing...! I was just... cleaning the lesson room!,,
せっかく時間を取ってくださったのに……すみません,Thank you for making this time... sorry.,,
こ、今度はもっと頑張ります……,I-I'll do my best next time...,,
ダンス……\r\n知ってるステップが少ないって……言われました……,The dance... I was told... there are a few steps I don't know...,,
今週、レッスンの予約を……\r\n入れられるでしょうか……？,"This week, would you be able... to reserve the lesson room?",,
スロー、スロー、クイック、クイック……,"Slow, Slow, Quick, Quick...",,
ジルバ……っていうダンスだそうです\r\n……一緒に……やってみますか……？,This dance is called... the jitterbug... would you like to do it... together...?,,
……ダンスレッスン……できませんでした……,...the dance lesson... I couldn't...,,
び、病院の裏庭とかで……\r\n自主練しますから、大丈夫……です……！,S-Some independant training... in the hospital's yard... is fine...!,,
いつも絆創膏を貼っているので……\r\nお化粧はあまりうまくできないんです……,Since I'm always putting on bandages... I'm not very good at applying makeup...,,
ビジュアルレッスンっていうのを……受けたいのですが\r\n今週……いいでしょうか……？,I'd like to take... a visual lesson. Is it okay... this week...?,,
ふふ……お化粧の仕方が少しわかったような気がします,Hehe... I understand using makeup a little bit more now.,,
ビジュアルレッスンは……な、なかったですね……,T-There was no... visual lesson...,,
いえ、わ、わたしなんて……\r\nお化粧してもあんまり変わらないですから……！,"No, m-makeup... doesn't change much for me even if I use it...!",,
わわっ、ご、ごめんなさい……！\r\nちょっと足元がふらつきました……,"W-Wahh, s-sorry...! I'm losing my balance a little...",,
ご迷惑になるので、今週、お休みをください\r\n……あっ、休むのもご迷惑ですよね……！,"Since it's troublesome, could I please rest this week... ah, unless resting is troublesome...!",,
お休みを頂けて、\r\n元気に……なりました……！,"I was able to rest, so I'm feeling... healthy...!",,
お水をもらった……お花みたいに……！,I got water... like a flower...!,,
わたし、元気なので……\r\nお、お休みは、大丈夫です……！,"B-Because I'm healthy... a b-break, it's fine...!",,
つ、次のお休みまで……頑張ります……！,U-Until my next break... I'll do my best...!,,
ボ、ボーカルレッスンを……\r\n一週間後……希望……したいです……！,M-My wish... is for a vocal lesson... next week...!,,
一週間後、レッスンの予約を……\r\n入れられるでしょうか……？,"Next week, would you be able... to reserve the lesson room?",,
ビジュアルレッスンっていうのを……受けたいのですが\r\n一週間後……いいでしょうか……？,I'd like to take... a visual lesson. Is it okay... next week...?,,
ご迷惑になるので、一週間後、お休みをください\r\n……あっ、休むのもご迷惑ですよね……！,"Since it's troublesome, could I please rest next week... ah, unless resting is troublesome...!",,
ボ、ボーカルレッスンを……\r\n二週間後……希望……したいです……！,M-My wish... is for a vocal lesson... in two weeks...!,,
二週間後、レッスンの予約を……\r\n入れられるでしょうか……？,"In two weeks,  would you be able... to reserve the lesson room?",,
ビジュアルレッスンっていうのを……受けたいのですが\r\n二週間後……いいでしょうか……？,I'd like to take... a visual lesson. Is it okay... in two weeks...?,,
ご迷惑になるので、二週間後、お休みをください\r\n……あっ、休むのもご迷惑ですよね……！,"Since it's troublesome, could I please rest in two weeks... ah, unless resting is troublesome...!",,
あたし、みんなを元気にする歌を\r\n歌えるようになりたいです！,I wanna be able to sing songs that energize everybody!,,
プロデューサーさん、\r\n今週にボーカルレッスンをさせてください！,Producer-san! Please let me do a vocal lesson this week!,,
ありがとうございます！\r\nえへへ！　プロデューサーさんは優しいです！,Thank you very much! Ehehe! Producer-san's so nice!,,
あう、ダメですか……\r\nわかりました、また今度にしますね,"Augh, it's no good...? I gotcha, maybe next time.",,
えへへ、うまく歌えました！,"Ehehe, I sang so well!",,
プロデューサーさんのおかげでさらにパワーアップです\r\nありがとうございます！,It's thanks to you I keep powering up! Thank you very much!,,
ボーカルレッスン、できませんでした……\r\nあっ、でもでも他のこともスゴい勉強になりますから,"I wasn't able... to have a vocal lesson. Ah, but, but, other things can also be awesome to study!",,
ボーカルレッスンはまた今度でも大丈夫ですっ\r\nプロデューサーさん、次は、お願いします！,"It's okay if I can have a vocal lesson some other time. Producer-san, please accept next time!",,
約束を守ってくれたのに……\r\nごめんなさい、プロデューサーさん！,"Even though you kept your promise... I'm sorry, Producer-san!",,
次はもっと頑張ります！\r\n正義のアイドルになるために！,I'll try even harder next time! In order to become the idol of justice!,,
あたし、もっとうまく踊れるようになりたいんです！,I want to be able to dance even better!,,
プロデューサーさん！\r\n今週にダンスレッスンがしたいです！,Producer-san! I want to have a dance lesson this week!,,
ダンスレッスン、バッチリ完了です！\r\nヒーローみたいにカッコいい動きができましたっ,I completed the dance lesson perfectly! I was able to move really cool like a hero!,,
プロデューサーさん、\r\n約束守ってくれて、ありがとうございます！,"Producer-san, thank you very much for keeping your promise!",,
ダンスレッスンのはずだったんですけど……\r\nダンスに変身ポーズを入れるのはまた次回です！,It was supposed to be a dance lesson but... I'll have to put a transformation pose in the dance next time!,,
次はお願いします！\r\nプロデューサーさん！,Next time please! Producer-san!,,
あたしもヒーローみたいに\r\nもっとカッコよくなりたいです！,I want to become even cooler and more like a hero!,,
今週にビジュアルレッスンがしたいです\r\nプロデューサーさん！,"I'd like a visual lesson this week, Producer-san!",,
えへへ！　かわいくなれた気がします！\r\nスッゴく勉強になりましたっ,Ehehe! I feel super cute! I really studied hard!,,
プロデューサーさん、ありがとうございます！,"Producer-san, thank you very much!",,
あれ、今日はビジュアルレッスンの日……\r\nあ、いえっ！,"Huh? Today was the day of the visual lesson... ah, no!",,
何かスゴい考えがあって予定を変えたんですよね！\r\n次はレッスンお願いします、プロデューサーさんっ,"You came up with an amazing idea and changed the schedule! Next lesson please, Producer-san!",,
今度、どうしても見に行きたいヒーローショーがあって……,"Soon, there's going to be a Hero Show I really want to see...",,
プロデューサーさん\r\n今週、お休みにできませんか？,"Producer-san, could I take a break this week?",,
ヒーローショー、スッゴい楽しかったです！\r\nふわぁ、今でもワクワクが止まりませんっ,"The hero show was amazingly fun! Fwahh, I can't stop shaking even now.",,
プロデューサーさん\r\nお休みをくれてありがとうございます！,"Producer-san, thank you very much for giving me a break!",,
ヒーローショー……い、いえ！\r\nなんでもありません！,The Hero Show... n-no! It's nothing!,,
正義のアイドルに休みはありませんからっ！,The idol of justice needs no holidays!,,
プロデューサーさん、\r\n一週間後にボーカルレッスンをさせてください！,Producer-san! Please let me do a vocal lesson next week!,,
プロデューサーさん！\r\n一週間後にダンスレッスンがしたいです！,Producer-san! I want to have a dance lesson next week!,,
一週間後にビジュアルレッスンがしたいです\r\nプロデューサーさん！,"I'd like a visual lesson next week, Producer-san!",,
プロデューサーさん\r\n一週間後、お休みにできませんか？,"Producer-san, could I take a break next week?",,
プロデューサーさん、\r\n二週間後にボーカルレッスンをさせてください！,Producer-san! Please let me do a vocal lesson in two weeks!,,
プロデューサーさん！\r\n二週間後にダンスレッスンがしたいです！,Producer-san! I want to have a dance lesson in two weeks!,,
二週間後にビジュアルレッスンがしたいです\r\nプロデューサーさん！,"I'd like a visual lesson in two weeks, Producer-san!",,
プロデューサーさん\r\n二週間後、お休みにできませんか？,"Producer-san, could I take a break in two weeks?",,
みんなに聴いてもらえるように……\r\n私、もっと歌が上手になりたいんです！,So everyone can listen to me... I want to get better at singing!,,
今週にボーカルレッスンを\r\nやらせてください！,Please let me do a vocal lesson this week!,,
わあ、やったー！\r\nありがとうございます！,"Oh, yay! Thank you!",,
うっ……だ、だめですか？\r\nわかりました、仕方ないです……！,"Aw... I-I can't? I understand, it can't be helped...!",,
お疲さまでした！,Good job!,,
なんだか、今日はのびのび歌えた気がします！\r\nありがとうございました！,It sort of feels like I was able to sing comfortably today! Thank you!,,
ああ……！\r\n私のボーカルレッスンの予定がっ……！,Ah...! My vocal lesson plans...!,,
次は忘れないでもらえたら嬉しいです\r\nよろしくお願いしますね、プロデューサーさん！,"It would make me happy if you don't forget about it next time. I'll be in your care, Producer-san!",,
うう……失敗しちゃいましたぁ,Aw... I messed up.,,
すみません！　\r\n次はもっと頑張りますっ！,I'm sorry! I'll try harder next time!,,
私のダンス、まだまだですよね……\r\nみんなの足を引っ張りたくないんですっ！,My dancing still has a ways to go... I don't want to hold everyone back!,,
今週にレッスンさせてください！,Please let me do a dance lesson this week!,,
なんだか今日は体が軽かったような気がします！\r\nコツを掴めてきたんですかねっ？,My body felt sort of light today! Maybe I'm getting the hang of it?,,
プロデューサーさんがレッスン入れてくれたおかげです！\r\nありがとうございました！,It's thanks to you putting me in this lesson! Thank you!,,
うう……ダンスレッスンしたかったです……,Aw... I wanted to do a dance lesson...,,
でも、しょうがないですよね！\r\nまた、次の機会にお願いしますっ,"But, it can't be helped! Please let me do it next time we have the chance.",,
私、もっときれいになりたいです！\r\n……その、目立った個性もないですし……,"I want to get prettier! ...Um, and there's nothing that stands out about me...",,
ビジュアルレッスン、\r\n今週にやらせてもらってもいいですかっ？,Is it okay if you let me do a visual lesson this week?,,
ビジュアルレッスンの成果、出てますかね？\r\n新しいチョコアイドル、誕生したんじゃないでしょうか！？,"The results of my visual lesson are showing, right? Has a new chocolate idol been born?!",,
私、もっと頑張りますね、プロデューサーさん！,"I'm going to work harder, Producer-san!",,
本当は、レッスン受けられたら良かったんですけど……\r\nうっかり忘れちゃう時もありますよねっ,I really would've been happy if you put me in a lesson... but sometimes people accidentally forget things.,,
でも、次はちゃんと予定入れておいてくださいね？\r\n約束ですよ、プロデューサーさん,"But next time, please put it in your schedule properly, okay? It's a promise, Producer-san.",,
すみません、プロデューサーさん……\r\nそろそろ新しいチョコのネタを仕入れたくて……,"Excuse me, Producer-san... I want to get more info on new chocolates sometime soon...",,
今週にお休みをいただけませんか……？,Is it alright if I take time off this week...?,,
えへへ、チョコもたっぷり食べて\r\nばっちりリフレッシュしちゃいました,"Ehehe, I ate plenty of chocolate and now I'm totally refreshed.",,
おかげ様で、元気100倍です！,"Thanks to you, I have a hundred times more energy!",,
ああっ……！　私のチョコ……ケーキ……スイーツ……\r\n食べられるはずだったお菓子たち……！,Ah...! My chocolates... cake... sweets... the candy I should've been able to eat...!,,
プロデューサーさん、お願いです……！\r\n今度は必ず時間、取っておいてください……！,"Producer-san, please...! Please make sure to give me time next time...!",,
一週間後にボーカルレッスンを\r\nやらせてください！,Please let me do a vocal lesson next week!,,
一週間後にレッスンさせてください！,Please let me do a dance lesson next week!,,
ビジュアルレッスン、\r\n一週間後にやらせてもらってもいいですかっ？,Is it okay if you let me do a visual lesson next week?,,
一週間後にお休みをいただけませんか……？,Is it alright if I take time off next week...?,,
二週間後にボーカルレッスンを\r\nやらせてください！,Please let me do a vocal lesson in two weeks!,,
二週間後にレッスンさせてください！,Please let me do a dance lesson in two weeks!,,
ビジュアルレッスン、\r\n二週間後にやらせてもらってもいいですかっ？,Is it okay if you let me do a visual lesson in two weeks?,,
二週間後にお休みをいただけませんか……？,Is it alright if I take time off in two weeks...?,,
なあ、プロデュ－サ－\r\nこの間の新曲、まだうまく歌えね－んだよ,"Hey, Producer.\r\nI'm having trouble with the new song.",,
今週にボ－カルレッスンしてもいいだろ？,Can I have a vocal lesson this week?,,
本当かっ！\r\n約束、絶対だかんな！,Really!?\r\nThen it's a promise!,,
ちぇ、仕方ね－な……\r\n……わかったよ,"Tch, ok then...\r\nI understand.",,
流石に喉カラッカラだぜ\r\nでも、お陰でいい感じに歌えるようになった,"I really sang myself hoarse this time. But thanks to that, I think I can nail the song now.",,
ありがとな、プロデュ－サ－,"Thanks, Producer.",,
なぁ、アンタ\r\nアタシとの約束忘れてね－か？,"Hey, you forgot about our promise, didn't you?",,
ボ－カルレッスン、次は頼むぜ,Please remember the vocal lesson next time.,,
あんま集中できなかった……,I couldn't focus at all...,,
すまね－な\r\n折角予定組んでくれたのに……,Sorry...\r\nI made you go through all that trouble too...,,
アタシのソロパ－トで、\r\nもう少し確認して－動きがあるんだよな……,There's a move in my solo part that I want to review...,,
今週にダンスレッスン頼めね－か？,Can I ask for a dance lesson this week?,,
納得いくまでレッスン出来たおかげで、\r\nダンスにキレが出てきた気がするぜ,I got to practice until I was happy with it so I think I've finished honing my moves for that dance.,,
予定組んでくれてありがとな、プロデュ－サ－,"Thanks for scheduling, Producer.",,
ダンスレッスンの予定、\r\n組んでくれるんじゃなかったのかよ？,Weren't you supposed to schedule a dance lesson?,,
ったく、今度は頼むぜ,"Ugh, please remember next time.",,
アイドルらしい化粧の仕方ってのが、\r\nどうも苦手でな……,I'm not good at doing idol-like makeup at all...,,
今週にビジュアルレッスン頼みて－んだけど……\r\nいいか？,I want to ask for a visual lesson this week...\r\nIs that ok?,,
アイドルらしい化粧ってのは、やっぱ難しいな……\r\nけど、コツは掴んだぜ！,Doing idol-like makeup is so difficult...\r\nBut I'm getting the knack of it!,,
サンキュ－な、プロデュ－サ－,"Thank you, Producer.",,
ビジュアルレッスンの約束はどうした？,What happened to the promise for a visual lesson?,,
いいのかよ？\r\nこのままじゃ、いつまでたっても上達できね－ぞ,You're fine with this?\r\nI'm never improving at this rate.,,
今週に好きなチ－ムの試合があるんだけどよ……,My favorite team has a game this week...,,
そん時だけ、休み貰えね－か？,"Can I take some time off, just this once? ",,
いや－、久々にテンション上がったぜ！\r\n最高にアツい試合だった！,"Wow, I haven't felt this fired up in a long time!\r\nWhat an incredible match!",,
アンタのお陰でいい休日になったよ\r\nサンキューな、プロデューサー,"I had a great day off thanks to your help.\r\nThank you, Producer.",,
今日の試合、楽しみにしてたんだけどな……,I was really looking forward to the game today...,,
ま、仕方ね－よな……,"Oh well, whatever, I guess...",,
一週間後にボ－カルレッスンしてもいいだろ？,Can I have a vocal lesson next week?,,
一週間後にダンスレッスン頼めね－か？,Can I ask for a dance lesson next week?,,
一週間後にビジュアルレッスン頼みて－んだけど……\r\nいいか？,I want to ask for a visual lesson next week...\r\nIs that cool?,,
一週間後に好きなチ－ムの試合があるんだけどよ……,My favorite team has a game next week...,,
二週間後にボ－カルレッスンしてもいいだろ？,Can I have a vocal lesson two weeks from now?,,
二週間後にダンスレッスン頼めね－か？,Can I ask for a dance lesson two weeks from now?,,
二週間後にビジュアルレッスン頼みて－んだけど……\r\nいいか？,I want to ask for a visual lesson two weeks from now...\r\nIs that okay?,,
二週間後に好きなチ－ムの試合があるんだけどよ……,My favorite team has a game two weeks from now...,,
高音が……安定しないのです\r\n今週、レッスンを、お願い、したいのですが……,My pitch is off...\r\nMay I... have a lesson this week...?,,
凛世を、お気遣いくださり……\r\nありがとう、ございます。プロデューサーさま……,Thank you... for being considerate... towards Rinze...\r\nProducer-sama...,,
……お手を、煩わせてしまい\r\n申し訳、ございませんでした,...I must have... bothered you.\r\n I apologize...,,
効果が出たように……思われます,I believe... it seems to have worked...,,
少々……自信が、つきました\r\nプロデューサーさま、ありがとう、ございます,"I have gained... some confidence...\r\nProducer-sama, thank you... very much...",,
何か、お考えが、あったのですね……,I see you had... a different idea...,,
プロデューサーさまは、お忙しい身\r\nこの凛世、わがままは、申しません,Producer-sama must be busy.\r\nI apologize... for my selfishness...,,
成果のほどは……\r\nあまり芳しくは、ございませんでした,The outcome...\r\n Turned out... to not be favorable.,,
至らぬ凛世を、お許しください……,Please excuse... Rinze's inadequacy...,,
プロデューサーさま\r\n凛世の舞は……いかがでしょう……,"Producer-sama,\r\nMy dancing… what do you think…?",,
お気に召すよう、舞いたいのです……\r\n今週、レッスンを、いたしたく思います,"I hope you liked it…\r\nWould it be fine, if I took a dance lesson this week…?",,
要領が、つかめて参りました……,I think I am getting used to it…,,
舞うのが……楽しいのです,Dancing… It is quite fun…,,
本日は、舞のレッスンが……,"Today, I had a dance lesson…",,
いえ……\r\n何でも……ないのです,No...\r\nIt is... nothing...,,
装いには、心の姿が……現れます……,"In one's adornment, the condition of the heart... Is embodied...",,
プロデューサーさま、お化粧のレッスンを\r\n今週にしておきたいのですが……,"Producer-sama, this week...\r\nCould I have a visual lesson...",,
よきご指導を……頂くことが、できました\r\nありがとう、ございます……,"To have accepted... your guidance-\r\nThank you, very much...",,
この姿……貴方さまには、\r\n見目よく、映っておりましょうか,"This appearance... To you,\r\n is it a good one...?",,
お化粧の、レッスン日……,A visual lesson day...,,
きっと、お忙しかったのですね……\r\nプロデューサーさまの、お身体が……心配です,"I am certain you were busy...\r\nProducer-sama, I worry... for your health...",,
少しばかり、無理を、いたしました……,Perhaps it was a bit... unreasonable...,,
今週に、お休みを頂戴できますでしょうか……,This week... Could I ask... to take a break...?,,
疲れを癒すことが、できました\r\nありがとう、ございます……,I was able... to heal my fatigue...\r\nThank you very much...,,
凛世はもう、大事ございません,Rinze is... no longer important...,,
……！\r\n申し訳ございません……少々、疲労が……,...!\r\nI humbly apologize... I am a bit exhausted...,,
これも、試練、なのですね……,"This too, is perhaps a test...",,
高音が……安定しないのです\r\n一週間後、レッスンを、お願い、したいのですが……,"My high notes... are unstable...\r\nIn one week, may I... have a vocal lesson...?",,
お気に召すよう、舞いたいのです……\r\n一週間後、レッスンを、いたしたく思います,I would like to dance... in the way you prefer...\r\nDo you think... I could have a dance lesson... in one week?,,
プロデューサーさま、お化粧のレッスンを\r\n一週間後にしておきたいのですが……,"Producer-sama, next week...\r\nCould I have a visual lesson...",,
一週間後に、お休みを頂戴できますでしょうか……,Could I possibly... rest in one week...?,,
高音が……安定しないのです\r\n二週間後、レッスンを、お願い、したいのですが……,"My high notes... are unstable...\r\nIn two weeks, may I... have a vocal lesson...?",,
お気に召すよう、舞いたいのです……\r\n二週間後、レッスンを、いたしたく思います,I would like to dance... in the way you prefer...\r\nDo you think... I could have a lesson... in two weeks?,,
プロデューサーさま、お化粧のレッスンを\r\n二週間後にしておきたいのですが……,"Producer-sama, in two weeks...\r\nCould I have a visual lesson...",,
二週間後に、お休みを頂戴できますでしょうか……,Would you kindly... allow me to rest in two weeks...?,,
プロデューサー、\r\nもっと歌の技術を磨きたいわ,"Producer,\r\nI'd like to polish my singing technique further. ",,
今週はボーカルレッスンをしましょう！,Let's have a vocal lesson this week!,,
それでこそよ、プロデューサー！,"Attaboy, Producer!",,
そう……仕方がないわね,I see... I guess it can't be helped. ,,
ふぅ……けっこう歌えたわね,Phew... I sang quite a lot. ,,
発声がよくなった感じがするわ\r\n約束、守ってくれて嬉しいわ,It feels like my vocalization's improved.\r\nI'm happy you kept your promise. ,,
やっぱり歌の技術が磨きたかったわね……,I really wanted to polish up my singing technique...,,
いい？　今度はちゃんと約束を守るのよ？,"Listen. You better make sure to keep your promise next time, ok?",,
思うような成果は出なかったわ……,Things didn't go the way I expected...,,
でも、これを次につなげていくわ！,But I'll be sure to get it right next time!,,
トップを目指すには、ダンスの実力がまだまだだわ……,"If I want to aim for the top, I'll need to have better dancing skills...",,
ダンスレッスンをしたいから、\r\n今週付き合って頂戴、プロデューサー！,"I want to have a dance lesson this week, so I'll need you to come along with me, Producer!",,
ふぅ、いい汗をかいたわね,"Phew, I worked up a good sweat.",,
ダンスのキレが良くなった気がするの\r\nありがとう、プロデューサー,"I noticed my steps have gotten much sharper. Thank you, Producer.",,
ダンスで確認したいところがあったのだけど……,There were parts in the dances that I really wanted to go over.,,
次は約束を忘れないで頂戴,Please don't forget your promise next time.,,
アイドルとして\r\n自分をより美しく見せることも大事だと思うの,"Showing off your good points is one of the most important parts of being an idol, in my opinion.",,
今週はビジュアルレッスンを\r\nしたいのだけど、いいかしら？,I wanted to have a visual lesson this week. Is that alright with you?,,
ねぇ、プロデューサー。私をよく見て頂戴,"Hey, Producer. Take a good look.",,
また一段と美しくなれたでしょう？\r\nこれもプロデューサーのお陰よ,"Don't I look even prettier now? It's thanks to you, of course.",,
もう！　次の仕事に備えてポーズとか研究したかったのに！,Honestly! Even though I wanted to research a pose for my next job!,,
次は必ず約束を守りなさい！,You better keep your promise next time!,,
適度な休息も、トレーニングのうちだと思うわ,It's important to rest in moderation when doing a lot of training.,,
今週はお休みをもらってもいいかしら？,Would it be alright if I took this week off?,,
ゆっくり休んで、リフレッシュできたわ,I feel refreshed now that I took it easy this week.,,
また頑張るわよ！,Now it's back to work!,,
ここで身体を休めるはずだったのに……,I was supposed to give my body a break this week...,,
約束を守ってもらわないと、予定も組めないわ\r\n今度からはちゃんと守るのよ？,"If you don't keep your promises, I can't make proper plans. Make sure you keep your promise next time, ok?",,
一週間後はボーカルレッスンをしましょう！,Let's have a vocal lesson a week from now!,,
ダンスレッスンをしたいから、\r\n一週間後付き合って頂戴、プロデューサー！,"I want to have a dance lesson next week, so I'll need you to come along with me, Producer!",,
一週間後はビジュアルレッスンを\r\nしたいのだけど、いいかしら？,I wanted to have a visual lesson next week. Is that alright with you?,,
一週間後はお休みをもらってもいいかしら？,Would it be alright if I took next week off?,,
二週間後はボーカルレッスンをしましょう！,Let's have a vocal lesson two weeks from now!,,
ダンスレッスンをしたいから、\r\n二週間後付き合って頂戴、プロデューサー！,"I want to have a dance lesson two weeks from now, so I'll need you to come along with me, Producer!",,
二週間後はビジュアルレッスンを\r\nしたいのだけど、いいかしら？,I wanted to have a visual lesson two weeks from now. Is that alright with you?,,
二週間後はお休みをもらってもいいかしら？,Would it be alright if I took the week after next off?,,
甘奈ね、自分の歌い方で\r\n少し気になってるところがあるんだよね,"I'm uh, a little bit concerned about the way that I sing.",,
今週にボーカルレッスン、頼んでいいかな,Would it be alright to ask for a vocal lesson this week?,,
さっすがプロデューサーさん！\r\n話が分かるー☆,That's my Producer-san! You totally get itー☆,,
そっかー。それじゃしょうがないよねー…\r\n無理言っちゃって、ごめんね！,Gotcha-. Can't be helped then... Sorry for asking something unreasonable!,,
今日のレッスンで\r\nどうやって歌ったらいいかよくわかったよ,I was able to figure out a good way to sing in today's lesson. ,,
ありがとねっ、プロデューサーさん,"Hey thanks, Producer-san.",,
やっぱり自主レッスンだと、\r\n気になるところは解決できないなぁ,"As I figured, I wasn't able to fix it through independent study. ",,
次はしっかり約束守ってね\r\nプロデューサーさん,"Make sure to keep your promise next time, Producer-san.",,
ごめんね、プロデューサーさん\r\n無理を聞いてくれたのに……,"Sorry, Producer-san. It was an impossible request...",,
次は応えられるようにがんばるからね！,I'll do my best to meet your expectations next time!,,
プロデューサーさん\r\nどうしてもできないステップがあってね,"Producer-san, I can't figure out this step no matter what I do.",,
今週にダンスレッスンお願いできる？,Could I request a dance lesson this week?,,
バッチリ、キレのあるステップが\r\nできるようになったんだ☆,"Right on, I was totally able to do that step☆",,
甘奈、ダンスちょっと上手になったかも\r\nプロデューサーさん、ありがと,"I might be a little bit better at dancing now. Producer-san, thanks.",,
自分で練習もしてみたけど……\r\n鏡とか見てもっとチェックしたかったなー,I practice by myself but... I wanted to check in the mirror more-,,
次は予定、\r\nしっかり覚えててくれると嬉しいな,"Next time, I'd be happy if you remembered well. ",,
甘奈、この前雑誌読んでて、ちょーかわいー\r\nメイク思いついちゃったんだ！,Amana was reading a magazine earlier and came up with a cute makeup idea!,,
試してみたいから\r\n今週にビジュアルレッスンお願いしたいな,"Since I wanted to try it, could I ask for a visual lesson this week?",,
思いついたメイクを試してみたらね\r\nスゴくいい感じだったんだよね！,I tried the makeup I just came up with. It turned out amazing!,,
今度プロデューサーさんにも見てもらいたいな\r\n約束守ってくれて、ありがとねっ,I want you to see it next time. Thanks for keeping your promise.,,
うーん、あのメイク\r\nどうやったらモノにできたのかな～,"Hmmm, how was I going to do that makeup again~",,
ちょっと残念だったかな～,That's kind of a bummer~,,
プロデューサーさん！\r\nどーしても外せない用事が出来ちゃって……,Producer-san! There's something I have to take care of that I can't get out of.,,
今週ってお休みもらえたりするかな,Would it be OK for me to take a break this week?,,
お休みもらえたおかげで、\r\nしっかりと予定が守れたよー,"Thanks to the break, I was able to keep my promises-",,
お陰で甘奈、頑張れるっ！\r\nありがとー☆,"Because of you, Amana can do her best! Thanks☆",,
お仕事だもん、仕方ないよね……,"Since it's work, it can't be helped...",,
でも次はよろしくね\r\nプロデューサーさん,"But please help me out next time, Producer-san.",,
一週間後にボーカルレッスン、頼んでいいかな,Would it be alright to ask for a vocal lesson next week?,,
一週間後にダンスレッスンお願いできる？,Could I request a dance lesson next week?,,
試してみたいから\r\n一週間後にビジュアルレッスンお願いしたいな,"Since I wanted to try it, could I ask for a visual lesson next week?",,
一週間後ってお休みもらえたりするかな,Would it be OK for me to take a break next week?,,
二週間後にボーカルレッスン、頼んでいいかな,Would it be alright to ask for a vocal lesson in two weeks?,,
二週間後にダンスレッスンお願いできる？,Could I request a dance lesson in two weeks?,,
試してみたいから\r\n二週間後にビジュアルレッスンお願いしたいな,"Since I wanted to try it, could I ask for a visual lesson in two weeks?",,
二週間後ってお休みもらえたりするかな,Would it be OK for me to take a break in two weeks?,,
プロデューサーさん……\r\n甜花……もっと大きい声、出せるように……なりたい……,Producer...\r\nTenka... wants to be able to sound... louder...,,
だから、今週……歌のレッスン……したい……,"So, for this week... Let's do a vocal lesson... Please...",,
にへへ……うれしい……,Nihehe... Tenka's happy...,,
わかった……がまん……するね……,Tenka... understands now...,,
歌うの……楽しいね……\r\n声も、大きくなった……気がする……,Singing... is fun... Tenka's voice... is louder now...,,
にへへ……プロデューサーさん、ありがとう……,Nihehe... Producer... Thank you...,,
プロデューサーさん……ボーカルレッスンは……？,Producer... What about the vocal lesson...?,,
甜花……のど飴……たくさんなめたのに……,Tenka... already ate... a lot of cough candy...,,
あ、あれ……？　こうじゃ、ない……？,H-Huh...? It is cancelled...?,,
あう……ぜんぜん……ダメだった……\r\n次はできるように、するね……,"Ah... So... it's impossible...\r\nLet's do it next time, okay...",,
甜花……もっといい動きが、できるようになれば……\r\nみんなにも……迷惑、かけない……,If... Tenka moves better than before...\r\nTenka won't... trouble everyone...,,
今週はダンスレッスンが……いいな……,It'll be great if... we can do dance lesson this week...,,
うん……甜花、ダンス……\r\nうまくなった……たぶん……,Um... Tenka's dancing... is getting better... maybe...,,
プロデューサーさんの、おかげ……ありがとう……,It's thanks to Producer... Thank you...,,
今日……ダンスレッスンじゃ……なかったっけ……,Isn't today... time for dance lesson... right...,,
甜花……踊る準備、してたんだけど……\r\n次はちゃんと……入れておいてね……,"Tenka... already prepared herself to dance...\r\nNext time... Don't forget, okay...",,
塗る？　付ける？　プロデューサーさん……\r\nメイクって、どうやるんだろう……,Gloss? Put on? Producer...\r\nHow do you properly do makeup...,,
知らないと……ダメだよね……\r\n今週に……ビジュアルレッスン……させて……,"It'll be bad... if you don't know, right...\r\nThis week... Visual lesson... Please...",,
これは……付けるものなんだ……\r\nこれで……甜花も、なーちゃんみたいに……,So this is... something to put on...\r\nWith this... Tenka's a bit more like Naa-chan...,,
プロデューサーさん……約束守ってくれて……\r\nありがとう……,Producer... Thank you for keeping... your promise...,,
ビジュアルレッスン……無くなっちゃったんだ……,Visual lesson... is cancelled...,,
メイクができなくて……また迷惑かけちゃう……\r\nプロデューサーさん……次はきっと、ね……,"If Tenka can't do makeup... she'll trouble everyone again...\r\nProducer... next time, okay...",,
プロデューサーさん……えっと……\r\n甜花……お昼寝をいっぱいしたくて……,Producer... Umm...\r\nTenka... wants to take more naps...,,
お休みが欲しいんだけど……\r\n今週って……ダメかな……？,Tenka wants to take a rest... for this week... is that okay...?,,
お休みで……いっぱい、お昼寝した……\r\n充電、完了……！,"After resting... with a lot of naps...\r\nEnergy recharge, is complete...!",,
甜花……また頑張る、ね……,"Tenka... will do her best again, okay...",,
え……お休み、ないんだ……\r\nお昼寝の道具……準備してたのに……,Eh... There's no rest time...\r\nEven though... the napping preparations are complete...,,
お休み……忘れないでほしい、です……,"Please... don't forget about Tenka's rest, next time...",,
だから、一週間後……歌のレッスン……したい……,"So, for next week... Let's do a vocal lesson... Please...",,
一週間後はダンスレッスンが……いいな……,It'll be great if... we can do dance lesson next week...,,
知らないと……ダメだよね……\r\n一週間後に……ビジュアルレッスン……させて……,"It'll be bad... if you don't know, right...\r\nNext week... Visual lesson... Please...",,
お休みが欲しいんだけど……\r\n一週間後って……ダメかな……？,Tenka wants to take a rest...\r\nFor next week... is it okay...?,,
だから、二週間後……歌のレッスン……したい……,"So, two weeks from now... Let's do a vocal lesson... Please...",,
二週間後はダンスレッスンが……いいな……,It'll be great if... we could do dance lesson two weeks from now...,,
知らないと……ダメだよね……\r\n二週間後に……ビジュアルレッスン……させて……,"It'll be bad... if you don't know, right...\r\nTwo weeks from now... Visual lesson... Please...",,
お休みが欲しいんだけど……\r\n二週間後って……ダメかな……？,Tenka wants to take a rest...\r\nTwo weeks from now...is that okay...?,,
あーあーあーあーあー♪\r\n声……出てます？,Ah-ah-ah-ah-ah～♪\r\nDo I... have the right pitch?,,
私、もうちょっと練習したくて……\r\n今週にボーカルレッスンを入れていただけませんか？,I would like to practice a bit more...\r\nCould you schedule a vocal lesson for this week?,,
わぁ、ありがとうございます♪\r\nプロデューサーさん,"Yay, thank you very much♪\r\nProducer-san.",,
まあ、そうなんですね……、いえ\r\n私が急に言い出したことですから、お気になさらず,"Oh, is that so... No, don't worry about it.\r\nIt was a sudden request after all. ",,
あーあーあーあーあー♪\r\nうん、ばっちりです～,"Ah-ah-ah-ah-ah～♪\r\nNice, that was perfect～",,
プロデューサーさん、レッスンを入れてくださって\r\nありがとうございました♪,"Producer-san, thank you for scheduling the lesson.",,
あら？　今日はボーカルレッスンの日……？,"Oh my, didn't I have a vocal lesson today...?",,
ふふ、プロデューサーさんだって忘れることもありますよね\r\nじゃあ、河原で歌ってきましょう♪,"Fufu, sometimes even you forget things.\r\nWell then, I'll just go to the riverside and practice♪",,
あら、せっかくプロデューサーさんに\r\nスケジュール合わせてもらったのに……,"Oh, you scheduled a lesson for me, but...",,
ごめんなさい、プロデューサーさん\r\n私、今度はもっと頑張りますね？,"Sorry, Producer-san.\r\nI'll do better next time!",,
えいっ、……きゃっ！\r\nなかなか、身体が上手く動かないんです……,Hup ...Kya!\r\nI can't move my body as well as I want to...,,
私が足を引っ張るわけにはいかないですから\r\n今週にダンスレッスンをさせてもらえませんか？,I cannot drag others down like this.\r\nCould I have a dance lesson this week?,,
ふうっ……あ、プロデューサーさん！\r\nレッスン、すごく調子いいんですよ,"Phew... Oh, Producer-san!\r\nThe lesson went really well! ",,
プロデューサーさんが、\r\nスケジュール調整してくれたおかげですね,And it's all because you scheduled it for me. ,,
あらら、今日はダンスレッスンがないんですか？,"My my, so we aren't having a dance lesson today?",,
……いえ、気にしないでください、プロデューサーさん\r\nかわりに他のお稽古ができますし……ね？,"...No, don't worry about it, Producer-san.\r\nI can work on other things today instead, right?",,
きれいなお化粧って、\r\nすごく繊細な技術に支えられているんですよね,Pretty makeup is supported by very fine techniques.,,
私、とっても興味があって……ビジュアルレッスンを\r\nしてみたいんですが、今週にどうでしょうか？,I'm very interested in that...\r\nIs it possible to have a visual lesson this week?,,
ふふ、お化粧ってとっても奥深いんですね,"Fufu, makeup has a profound depth to it.",,
これで少しは綺麗になれちゃうかも……なんて,I can be a bit prettier... maybe.,,
プロデューサーさん、\r\n今日何かお約束してませんでした？,"Producer-san,\r\ndidn't we have plans for today?",,
ふふ……思い出してくれました？\r\nじゃあ、もう忘れないように指切りしましょう,Fufu... Do you remember now?\r\nThen let's pinky swear so that you don't forget again.,,
お休みなんて、言い出せる立場ではないんですけど……,I know I shouldn't be asking for such things...,,
もし、スケジュールに余裕があれば、\r\n今週に休ませていただいてもいいですか？,"But if the schedule allows it, could I take a break this week?",,
久しぶりに雑貨屋巡りができました～\r\nプロデューサーさんのおかげです,"I had a great time looking around in the sundry shop～\r\nIt's all thanks to you, Producer-san.",,
いろんな材料も仕入れたんですよ\r\n次の衣装にも使っちゃおうかな♪,"I bought a lot of materials, too.\r\nMaybe I could use it for my next costume♪",,
私、もうちょっと練習したくて……\r\n一週間後にボーカルレッスンを入れていただけませんか？,I want to practice a bit more...\r\nCould you schedule a vocal lesson next week?,,
私が足を引っ張るわけにはいかないですから\r\n一週間後にダンスレッスンをさせてもらえませんか？,I cannot drag others down like this.\r\nCould I have a dance lesson next week?,,
私、とっても興味があって……ビジュアルレッスンを\r\nしてみたいんですが、一週間後にどうでしょうか？,I'm very interested in that...\r\nIs it possible to have a visual lesson next week?,,
もし、スケジュールに余裕があれば、\r\n一週間後に休ませていただいてもいいですか？,"But if the schedule allows it, could I take a break next week?",,
私、もうちょっと練習したくて……\r\n二週間後にボーカルレッスンを入れていただけませんか？,I want to practice a bit more...\r\nCould you schedule a vocal lesson in two weeks?,,
私が足を引っ張るわけにはいかないですから\r\n二週間後にダンスレッスンをさせてもらえませんか？,I cannot drag others down like this.\r\nCould I have a dance lesson in two weeks?,,
私、とっても興味があって……ビジュアルレッスンを\r\nしてみたいんですが、二週間後にどうでしょうか？,I'm very interested in that...\r\nIs it possible to have a visual lesson in two weeks?,,
もし、スケジュールに余裕があれば、\r\n二週間後に休ませていただいてもいいですか？,"But if the schedule allows it, could I take a break in two weeks?",,
いえ、勝手なことを言ってごめんなさい……,"It's nothing, sorry for saying such a selfish thing...",,
ちょっと残念ですけど、\r\nまた余裕のある時にお休み取らせてください♪,It's a bit unfortunate but...\r\nI'll take a break when it's more convenient♪,,
むんっ！,Mun!,,
プロデューサー、二週間後ダンスレッスンしたいんだけど,"Producer, is it cool to have a dance lesson two weeks from now?",,
ん、オッケー,"Yeah, okay.",,
ありがとうございますっ,Thank you very much!,,
むんっ,Mun!,,
ミッションを進めて『W.I.N.G.』優勝を目指しましょう〜,Let's progress these\nmissions and aim for a\n'W.I.N.G.' victory~,,
サポートアイドルを育てよう①,Raise Support Idols①,,
サポートアイドルを育てよう②,Raise Support Idols②,,
W.I.N.G.優勝を目指そう,Aim for W.I.N.G. Victory,,
W.I.N.G.攻略ミッションをすべて達成すると編成強化の役に立つガシャチケットを10枚獲得！,Completing all of the W.I.N.G. Walkthrough missions will reward you with a 10x Gacha Ticket to strengthen your units!,,