ja,en
期間中「レッスン」「お仕事」での体力消費量－20％,"While Active ""Lessons"" ""Jobs"" Stamina Cost -20%"
期間中「レッスン」「お仕事」での体力消費量+30％,"While Active ""Lessons"" ""Jobs"" Stamina Cost +30%"
イベント累計報酬が受け取れます,Receive Event Rewards
イベント累計報酬獲得,Total Event Rewards Acquired
オープニング,Opening
エンディング,Ending
覚えられるライブスキルは4つまでです。忘れるスキルを選択して下さい。,You can remember up to 4 live skills. Choose a skill to forget.
この商品には以下の内容が含まれます,This product contains the following:
期間中「レッスン」「お仕事」でのトラブル発生率+20％\n期間中「レッスン」「お仕事」で得られるファン数-50％,"While Active ""Lessons"" ""Jobs"" Trouble Rate +20%\nWhile Active ""Lessons"" ""Jobs"" Fan Rewards -50%"
得意ジャンルが流行１位の時には、積極的にオーディションに参加しましょう♪\n得意ジャンルの審査員へ、集中的にアピールしてくださいね。\n途中でリタイアしてしまわないよう、アイドルのメンタルやオーディションの\n推奨値に注目するのも忘れずに。,"Make sure you participate in auditions when your best stat is the No. 1 trend♪\nAppeal strongly to the judge of your best stat.\nDon't retire early,watch your idol's mental in auditions.\nDon't forget to pay attention to the recommend values."
プロデューサーさん、お疲れ様でした♪\nこの研修で学んだ事を、プロデュースに役立ててくださいね\n『W.I.N.G.』でTrue Endを達成して、アイドルとの絆を深めていきましょう～,"Producer, thanks for your hard work♪\nPlease use what you learned in this training when Producing\nAchieve a True End in ""W.I.N.G."", and let's\ndeepen our bonds with the idols~"
W.I.N.G.編[True End 研修用],W.I.N.G. Run[True End Training]
「ファン数50万人以上」「W.I.N.G.優勝」の条件を満たし、アイドルのTrue Endに辿り着くためのプロデュース研修です。各シーズンの目標に従って進めましょう。,"If you meet the conditions of ""500,000+ Fans"" and ""Win W.I.N.G."", you'll reach the Idol's True End in this Produce Training. Follow the goals of each season."
アイドル選択,Idol Selection
得意ジャンル,Strong Stat
選択中のアイドル,Selected Idol
自己ベスト,Best Score
今期の記録,This Score
使用中のアイテムはありません,No Items in Use
所持SP,SP
獲得方法,Acquire
現在設定中の称号,Set Current Title
選択中の称号,Selected Title
サポートアイドルを特訓しよう,Evolve a Support Idol
ゲームにログインしよう,Log In to the Game
サポートアイドルをトレーニングしよう,Train a Support Idol
ユニット編成でサポートアイドルを入れ替えてみよう,Replace a Support Idol in the Unit Formation
プロデュースを開始しよう,Start a Produce Run
振り返りでスキルを習得してみよう,Unlock a Skill during a Run
オーディションでラストアピールを獲得しよう,Earn Last Appeal in Auditions
ファン人数1、000人達成してシーズン1を突破しよう,"Beat Season 1 with 1,000 fans"
ファン人数10、000人達成してシーズン2を突破しよう,"Beat Season 2 with 10,000 fans"
フェスに参加してみよう,Let's Participate in Fes
限定SSR確定Plusガシャチケット,Limited Guaranteed SSR Plus Gacha Ticket
限定SSR確定Plusガシャチケット(1/10),Limited Guaranteed SSR Plus Gacha Ticket(1/10)
SSR確定Plusガシャチケット(1/10),Guaranteed SSR Plus Gacha Ticket(1/10)
TrueEnd達成数,﻿True Ends Completed
アイドル所持数,# of Idols Owned
プロデュースアイドル所持数,# of Produce Idols
サポートアイドル所持数,# of Support Idols
グレードフェスプレイ回数,# of Grade Fes Played
フェスリハーサルプレイ回数,# of Fes Rehearsal Played
グレードフェス1位回数,# of Grade Fes Won
フェスリハーサル1位回数,# of Fes Rehearsal Won
グレードフェス1位率(累積),Grade Fes 1st Place(Total)
フェスリハーサル1位率(累積),Rehearsal 1st Place(Total)
グレード1滞在回数,Times in Grade 1
グレード2滞在回数,Times in Grade 2
グレード3滞在回数,Times in Grade 3
グレード4滞在回数,Times in Grade 4
グレード5滞在回数,Times in Grade 5
グレード6滞在回数,Times in Grade 6
グレード7滞在回数,Times in Grade 7
シナリオイベント参加数,Scenario Events Played
プロデュースイベント参加数,Produce Events Played
フェスイベント参加数,Fes Events Played
ランキングイベント参加数,Ranking Events Played
プロデュースアイテム入手数,Produce Items Obtained
だーれだっ♪,Whooo is it♪
さっすが～！　やるぅ♪\nうち、ご褒美あげちゃおっかなぁ,As expected! You got it♪ I think I'll give you a treat!
ちょい待ちちょい待ち～\nこれくらいサクッとわかるっしょ～,"Oh, come on! You could obviously tell it was me!"
んふふ～、だ～～～れだ！？\nちゃ～んと当てんといけんよ～～～！,"Mhehe, whooooo am I? You'd better get it right!"
せいか～い！　すごか～\nなんでわかったと！？　んふふ～、うれしか……,"C'mon~! Ya got me~ How did you know it was me!? Mhehe~, kinda happy..."
ふぇ～！　はずればい……\nうちの声とか～、手とか～わからんかったと～……？,Fweh? You got it wrong!! Don't you know this voice!? Or these hands!?
うふふ、だーれだ！\n当ててごらんなさい！,"Ufufu, who am I? Have a guess!"
正解よ！　でも当然よね\n私だって絶対わかるもの……アナタのこと,"Correct! But, of course! You really know me... and I do too."
残念……私のことわからなかったかしら？\nそれは……少し寂しいわね,"Unfortunately, no. So you couldn't tell who I was? It hurts me to know that..."
お尋ね申します……\nだーれだ……,May I trouble you for one moment...? Who am I...?
ふふ……\nはい……ここに……,Hehe....\r\nYes.... I'm here...
──は、はい……！　その……\n当たりで……ございます…………,Y-Yes... You... You guessed correctly...
プロデューサー！\n──だーれだっ！,Producer!\n─Whooo is it!
あははっ\n簡単すぎたねっ！,Ahaha! That was too easy!
残念！　めぐるだよー！,Too bad! It's Meguru!
え、えへへ……っ\nだーれだ……っ！,N-Nihehe...\r\nWhooo is it..!?
な、なんで……\nわかったの……！？,W-Wha… you knew…!?
やった……！\n甜花の、勝ち……！！,Yay...!\r\nTenka won...!!
プロデューサーさんっ\nだーれだっ,"Producer,\r\nWhooo am I?"
ま、当然よね\n外したらどうしてやろうかって考えてたとこだったわ,"Well, of course. You knew who I was even before I took it off."
はい残念でした\n罰ゲーム決定ね,"How disappointing. Penalty game it is, then."
だーれだっ！！,Whooo is it!!
えへへっ当たりですっ！\nプロデューサーさんに、おかしをおすそわけですっ！,"Ehehe, you got it right! Producer, I'll give you a treat!"
はずれですっ！　プロデューサーさんにも\nわからないことがあるんですね！　えへへっ,"Wrong! Even Producer sometimes gets things wrong, huh? Ehehe!"
わっ！！！\nだーれだっ！,Wah!!!\r\nWhooo is it!?
正解っす\nうーん……簡単すぎたっすか？,Correct. Hmm... was that too easy for you?
あさひっす～！\nけど、どうして間違えたっすか？　教えてほしいっす！,"It's me, Asahi! How did you fail to recognise me? I wanna know!"
だ、だーれだ……！\nこんなんすぐわかんだろ……,W-Who am I!? This one's gotta be way too easy...
せ、正解……だから\n……ん、お菓子やる。ハロウィンだしな,"Yo, you got it right… …Right, I'll give you a snack. It's halloween after all."
はずれ……！　って、\nわざと間違えただろ、プロデューサー！,"Incorrect! Wait, you got that wrong on purpose, didn't you!?"
プロデューサーさん\nだーれ────,Producer? Guess who I am!
もう～、最後まで言わせてください……！\n千雪です,"Aw, I was going to tell you who I was…! It was me♪"
……もう。フライングで間違えるなんて\nひどいです、プロデューサーさん！,"Well, really! I'm shocked you would make such a mistake right out of the gate, Producer!"
──さて！\n私は誰でしょうか！,Wah! Who could I possibly be?
お見事！　正解です！\nプロデューサーさんには簡単な問題すぎましたかね……！？,"Well done! Correct! Producer, was it too easy for you!?"
惜しい！　正解は園田智代子でした！\n次はきっと当ててくださいね！,Too bad! The right answer was Chiyoko! Better luck next time!
わ、私は、\n誰でしょうか……！,W-Who\r\ncould I be...?
プロデューサーが間違えるわけないですよね……！,There's no way someone like you could mistake me easily!
すっすみません……！\n今の、忘れてください,I-I'm sorry... Please pretend that never happened.
えっへへ～！\nだーれだっ☆,Ehehe~! \nWhooo is it☆
正解っ☆　甘奈でした～！\nプロデューサーさんなら当ててくれるって、信じてたよ☆,"Correct, it was me! Producer, I knew you'd guess it right☆"
えっ……？　\n本当にわからなかったわけじゃない……よね……？,Huh? You knew it was me and you're just toying with me... aren't you?
だーれだ……,Whooo is it...?
はい……\nわたし……です……♪,Right...\r\nIt's... me...♪
ふふ……ふふふっ……！\nもう一回……です……！,Hehe... Heheheh...!\r\nTry again...!
──だぁれだ\n……ハズレのときは覚悟してくださいねー,Who am I? You'd better prepare yourself if you guess wrong...
正解ですー\n……んー、正解ってなんか物足りないですねー,"You got it right. …Hmm, your answer was boring."
ふふー、ハズレですー\nバツとして、お菓子一年分を要求しまぁす,Fufu~ You guessed wrong! I expect a year's worth of snacks from you as punishment.
アナタの後ろにいるのは……\nフフ、『だーれだ』,Who's behind you? Heh. Try and guess.
さすが、大正解だ。声か、話し方か、それとも……\nなんて、理由を聞くのは野暮かな,"Well, your answer was correct. It's probably from my voice, or the way I talk, or… I don't think it'd be fair for you to answer."
おや、わからなかったかい？\nそれなら私の声をもっと聞き、もっと覚えてもらわないとね,Oh? Couldn't you tell? I'll have to get you much more accustomed to my voice then...
だーれだっ？,Whooo is it?
おおっ、最低限のヒントでよくできました！\nそう！　Ｐたんの三峰です！,"Ooh, well done guessing with the small hints! Correct! I'm P-tan's Mitsumine!"
ありゃー、残念！　わかってもらえなかったかぁ\n三峰、悲しいな～,Ooof. Nope! You didn't recognise me? Mitsumine's sad!
えっと……その……\nだ、だーれだ……っ,Erm... Well...\nW-Who is it...?
ほわぁ、正解です、プロデューサーさんっ\nあ……声で誰だかすぐわかっちゃいますよねっ,"Wah, you were right, Producer. Ah... It's easy to tell who the person is by their voice, right?"
……その、ハズレなんです……\n……急に目隠ししちゃってすみませんでした……っ,No... wrong answer... Sorry for covering your eyes like that...
ホーム画面でアイドルからイタズラされるかも…？,Idols might play a prank on the home screen...?
事務所(太鼓の達人),Office(Taiko no Tatsujin)
パーフェクトアピール,Perfect Appeal
流行順位が高いジャンルは、そのジャンル\r担当審査員からの獲得スターが増加します。,If a judge's stat is a higher trend\rThat judge will give more stars
流行の結果にあわせて、\nオーディションを受けてみてください♪,"Based on the trend,\nYou should try auditioning♪"
スタミナを消費してプロデュースを開始しますか？,Start Producing and Consume Stamina?
昇格ライン,Promotion
残留ライン,Stay Line
週,Wk
審査員,Judge
プロデュースアイテム,Produce Item
まとめて消費した数に応じて獲得マニーUP!!,Earn Money Per Fes Entry Used!!
フェス参加権を　　消費します,Consumes          Entries
難易度ボーナス,Difficulty Bonus
特訓4回目で解放,Unlocked at 4* Evolve
特訓3回目で解放,Unlocked at 3* Evolve
特訓2回目で解放,Unlocked at 2* Evolve
特訓1回目で解放,Unlocked at 1* Evolve
アイドルアルバムからいつでも再生することができます,You can always Replay from your Idol Album
スタミナが最大量の同量回復します（アイドルの誕生日当日以外使用できません）,Gain the Maximum amount of Stamina(Can only be used on the Idol's Birthday)
誕生日プレゼント,Birthday Present
アイテム所持数,Items Owned
所持数,Owned
最大所持数:,Max:
同じ効果のプロデュースアイテムを複数持ち込む\nことはできません,You are not able to\nBring Produce Items with the Same Effect
アイテムを\n選択していません,No Items\nSelected
レッスンやお仕事、オーディションを通してアイドルをプロデュースできます。ファンを集めて各シーズン目標を達成し、W.I.N.G.優勝を目指しましょう！,"Produce Idols through Lessons, Work, and Auditions. Reach the fan goal of each season, then aim to win W.I.N.G.!"
ファン感謝祭に向けてアイデアを集めることで、アイドルを成長させることができます。仲間と協力して最高のパフォーマンスを作り、ファン感謝祭を成功させましょう！,Collect ideas in Thanks Flapping Day to grow your idol. Work with your peers to give the best performance and make Thanks Flapping Day a success!
W.I.N.G.編シーズン２をクリアしフェスアイドルを誕生させると解放,Unlocked by clearing W.I.N.G. season 2 and creating a Fes idol
プロデュース選択,Produce Selection
ユニット編成,Organize Unit
アイテム選択,Item Selection
最大100件一度に受け取ることが可能です。\r達成済みのミッションは未達成のミッションの下部に表示されます。,You can receive up to 100 at a time. \rCompleted Missions are listed below Current Missions
最大100件一度に受け取ることが可能です\r達成済みのミッションは未達成のミッションの下部に表示されます,You can receive up to 100 at a time\rCompleted Missions are listed below Current Missions
アイドルランクD以上\nシーズン1最終週のみ挑戦可能,﻿Idol Rank D or Higher\nCan challenge on the last week of Season 1
思い出アピールレベル2以上\nシーズン2最終週のみ挑戦可能,Memory Appeal Level 2 or Higher\nCan challenge on the last week of Season 2
・ラストアピールの☆が多い\n・トップアピールの☆が少ない\n・審査員が強力なアピール力DOWN効果を稀に使用する,·Last Appeal is worth Extra ☆s\n·Top Appeal is worth Fewer ☆s\n·Judges will sometimes apply\nstrong Appeal DOWN effects
お手製差し入れを作成しました,Created Handmade Goods
営業完了まで,Remaining
お手製差し入れ,Handmade Goods
未選択,Unselected
TV出演,Appear on TV
ミニライブ,Mini Live
雑誌インタビュー,Magazine Interview
ミッションはすべて達成しました,Mission Completed
所持枠を超えているものはプレゼントボックスに送られました,Anything above the cap has been sent to your mailbox
ミニライブでは、短い時間で多くの経験値を獲得できます♪\nただし、営業完了後にもらえるアイテムも少なめです,"In Mini Live,you'll earn more experience in less time♪\nHowever,you'll get fewer items on completion"
TV出演では、たくさんファンを増やすことができます♪\n経験値もためられますし、バランスのいい営業先だと言えますね～,"In a TV Appearance,you can get lots of fans♪\nYou'll also earn experience,it's a well-balanced job location~"
雑誌インタビューでは、他より多めにアイテムをもらうことができます♪\nですが、その分営業完了までの時間も長めになっています～,"In Magazine Interviews,you can get more items♪\nBut the time to complete the job is much longer~"
以下の内容で営業を開始しますか？,Start Job with These Details?
アイテムを\r選択していません,No Items Are\rSelected
ラジオの収録,Radio Recording
トークイベントに出演,Talk Show
雑誌の撮影,Magazine Shoot
ボーカルレッスン,Vocal Lesson
ダンスレッスン,Dance Lesson
ビジュアルレッスン,Visual Lesson
オーディション,Audition
その他,Other
そろそろお休みを\nあげた方がいいですよ～,Take a break soon\nYou should allow it~
アイドルの体力が少ないとトラブルが発生しやすく\nなりますので、こまめに休ませてあげましょう,"Trouble Rate increases if the Idol's Stamina is low \nBecause of that, let's rest frequently"
オーディションへ行きませんか？,Would you like to go to an audition?
「流行の1位」と「育てたアイドルのタイプ」が\n一致した時はオーディション合格のチャンスです,"""The No.1 Trend"" and ""The Idol Type you Raised""\nIf they match you can pass the audition"
選択されたスキルは忘れてしまいます。\nよろしいですか？,Is it okay to\nforget the selected skill?
忘れたスキルは再度習得できません,Skills can't be re-learned
3人以上のアイドルと絆を赤ゲージにする\nシーズン3最終週のみ挑戦可能,Have red-gauge bonds with 3 or more idols\nCan challenge on the last week of Season 3
アイドルランクC以上,Idol Rank C or Higher
アイドルランクE以上,Idol Rank E or Higher
アイドルランクD以上,Idol Rank D or Higher
アイドルランクF以上,Idol Rank F or Higher
アイドルランクS以上,Idol Rank S or Higher
アイドルランクB以上,Idol Rank B or Higher
アイドルランクA以上,Idol Rank A or Higher
プロデューサー就任から,Total Days Played:
日経過,days
日記念まであと,d gift in 
お待たせしました~結果の発表です。,Sorry to make you wait~ Time to announce the results.
メンタル500以上\nシーズン4最終週のみ挑戦可能,Have 500 or higher Mental\nCan challenge on the last week of Season 4
ミッション達成,Mission Success
以下のミッションを達成しました。\rミッションページで以下の報酬を受け取りましょう。,Completed these missions. \rReceive rewards on the mission page.
購入上限,Purchase Limit
所持チケット一覧,List of Owned Tickets
アイテムがありません。,No Items
ログインボーナスのプレゼントです,It's a Present from Login Bonus
以下のプレゼントを受け取りました,Received the Following Gift
以下のチケットを使って、\rアイドルをトレーニングしますか？,"With the following ticket,\nTrain this idol?"
以下のプロデュースアイテムとスタミナを消費して\rプロデュースを開始しますか？,Use these Items and Stamina\nand start the Produce Run?
W.I.N.G.編,W.I.N.G. Mode
ファン感謝祭編,Thanks Flapping Day Mode
G.R.A.D.編,G.R.A.D. Mode
Landing Point編,Landing Point Mode
S.T.E.P.編,S.T.E.P. Mode
習得可能なスキルがありません,No Skills Available
プロデュース選択,Produce Selection
アイドルA,Idol A
アイドルB,Idol B
アイドルC,Idol C
アイドルD,Idol D
アイドルE,Idol E
プロデューサーさん\n今回は初めてのアイドルプロデュースになりますので\n私がサポートさせていただきますね〜,"Producer,\r\nSince this is your first idol being produced,\r\nI will assist you~"
ここで説明することはプロデュースの上で\nとても大事なことなのでお昼寝せずに聞いてもらえると\n嬉しいです～\n,"The explanation of this top page of Produce\r\nis very important, so I'd be happy if\r\nyou didn't doze off while listening~"
それでは「プロデュース講座」スタートです,Let's start the 'Produce Lecture'!
まず最初のプロデュースでは\n「櫻木真乃」さんを担当してもらいます♪,"For your first Production, you'll\r\nbe in charge of 'Mano Sakuragi'♪"
そして「櫻木真乃」さんをサポートしてくれる\rアイドル5人のみなさんも、プロデュースに参加しますよ\nみんなでがんばっていきましょ～,"Along with Mano, the 5 Support Idols\r\nwill also participate in the Production.\r\nLet's do our best everyone~"
あ、もちろん、今回サポートしてくれる子たちを含め\r19人全員をプロデュースできますので\r安心してくださいね,"Oh, of course, you can Produce all 19 girls,\r\nincluding the ones who are supporting now,\r\nso don't worry."
プロデューサーさんの手腕とアイドルたちの力で\n最高のアイドルをプロデュースしていきましょう,Let's combine your ability as a Producer\r\nwith the power of the idols to\r\nproduce the top idol!
あー、プロデューサーさん\r先に大切なことをお知らせしておきます,"Ah-, Producer,\r\nthere's one important thing to tell you."
プロデューサーさんのために、チュートリアル終了後には\r「運命の出会いガシャ」を用意していますので\r私の説明をきちんと最後まで聞いてくださいね～,"For you, after the tutorial\r\nI've prepared a 'Fateful Meeting Gacha'.\r\nSo please listen until the end okay~"
こちらの説明はチュートリアルの最後にしますので\n楽しみにしていてくださいね～。ふふ,"I'll explain that at the end of the tutorial,\r\nso please look forward to it~ fufu"
さぁ、それではアイドルプロデュースを始めましょう,"Well then, let's start Idol Production!"
累計ファン人数,Total Fans
プロデュース中のアイドルが存在します\nプロデュースを再開しますか？,There is an Idol being Produced\nResume Production?
アピールミス,Missed Appeal
グッドアピール,Good Appeal
ノーマルアピール,Normal Appeal
思い出アピール,Memory Appeal
リンクアピール,Link Appeal
次は「レッスンとお仕事」について説明しますね〜,Next is an explanation of 'Lessons' and 'Work'
「レッスン」と「お仕事」では\nアイドルを様々な方法で成長させることが\nできるんですよ～,With Lessons and Work you can\r\nstrengthen your idol in various ways~
まず、レッスンの種類は３つあります\nこちらではそれぞれ「Vocal」「Dance」「Visual」の\n基礎能力を伸ばすことができます,"First, there are 3 types of lessons.\r\nHere you can improve the basic ability of\r\n'Vocal','Dance',and 'Visual'."
お仕事の種類も３つあるんですよ\nそれぞれ「メンタル」「SP」「ファン」を\n増やすことが可能なんです,"There are also 3 types of work.\r\nIt's possible to increase 'Mental','SP',\r\nand 'Fans' with these."
レッスン、お仕事にはそれぞれ\nサポートアイドルの皆さんがいます\n是非、一緒に行動して絆を深めていってくださいね～,There are support idols in both lessons and\r\nwork. Please work together to\r\ndeepen your bonds~
あ、プロデューサーさん、\n私がいることが気になりました？\nふふ。私はお手伝いをしているだけですよ\n,"Oh, Producer,\r\nDid you notice me?\r\nFufu. I'm just helping out."
なのでサポートアイドルのみなさんのように\nプロデューサーさんの担当アイドルを成長させることは\nできませんので気を付けてくださいね～,"Please take care, since you can't\r\nstrengthen the idol you're in charge of\r\nthe same way you strengthen supports~"
それでは……今回は\nボーカルレッスンに挑戦してみましょう～,Well then... this time\r\nlet's try a Vocal Lesson~
プロデューサーさん、アイドルの体力が減っている事に気付きましたか？,"Producer, did you notice your idol's\r\nstamina is decreasing?"
アイドルに無理をさせすぎると「トラブル」が発生して\nしまいます。こまめに休ませてあげましょうね\n体調管理もプロデューサーさんの大事なお仕事ですよ～,"'Trouble' will occur if the idol works too hard.\r\nLet's rest, managing your stamina is\r\nalso an important part of the job~"
まれに、朝、アイドルから相談されることがありますよ,Idols may consult you in the morning.
アイドルの心情を汲み取って\n適切な返答を「素早く答える」必要がありますので\n日頃からアイドルのことをよく見ててあげましょう～,You'll need to consider the idol's feelings and\r\ngive a 'Quick-Time' response. Let's be sure to\r\nregularly pay attention to the idols~
今回は私が適切な返答を教えてあげますね～,This time I'll give you the right response~
適切なコミュニケーションを取ると\n「アイドルのテンション」が上昇し\n「親愛度」を得ることができますよ～,The right responses will increase the\r\nidol's 'Tension' and 'Trust' levels~
さらに、アイドルとの信頼関係を築いていくと\n「思い出アピール」のレベルが上がります,"Furthermore, by increasing the idol's\r\n'Trust' level their Memory Appeal\r\nlevel will increase."
事務所ではアイドルとコミュニケーションを取ることができるんですよ,You're able to communicate with your idol\r\nin the office.
ただ、プロデューサーさんならお分かりかと思いますが\n「節度のあるコミュニケーション」を\n心掛けてくださいね～,"However, as you may already know,\r\nplease try to 'communicate\r\nin moderation'~"
次は振り返りの説明をさせていただきます,Next I'll explain Reminisce.
プロデュース中に獲得した「SP」を使って\n新しいスキルなどを獲得することができるんですよ～,During Produce you'll earn 'SP' which\r\ncan be used to purchase new skills~
オーディションに挑戦する前には\n忘れずに「振り返り」をしましょうね,Please remember to 'Reminisce'\r\nbefore you challenge Auditions.
さぁ、次はオーディションの説明ですよ～,"Well then, I'll explain Auditions next~"
オーディションでは、\n一気にたくさんのファンを獲得することができるんです\n果敢に挑戦していきましょうね,"In auditions,\r\nyou can get a lot of fans at once.\r\nLet's boldly challenge them!"
育てているアイドルの「得意ジャンル」と\n「流行１位のジャンル」が同じ時に挑戦することが\nオーディション成功のコツですよ～,The key to audition success is\r\nchallenging auditions when your idol's\r\nspecialty and the #1 trend are the same~
それでは、今回は一番難易度の低いオーディションに\n挑戦をしてみましょう～,"Well then, let's challenge the\r\nlowest level audition this time~"
あ、アイドルが緊張してしまっているようですね\nプロデューサーさん、\n何か激励の言葉をかけてあげてください,"Ah, your idol seems to be nervous.\r\nProducer, please\r\ngive her a word of encouragement."
オーディションの直前はアイドルの\n緊張をほぐしてあげるのも、\nプロデューサーさんの大切な役目ですよ～,Raising your idol's 'Tension'\r\nvalue just before auditions is\r\nanother important Producer duty~
オーディションは、他のライバルユニットと一緒に\n参加をします。「審査員」を一番多く満足させて\n「スターを獲得」し、１位を目指してくださいね♪,You'll participate in auditions along\r\nwith rival units. Earn 'Stars' by filling\r\nthe 'Judge' bars and aim for first♪
他のライバルユニットも含め「スターの数」と\n「メンタル」を都度チェックしていきましょうね,Let's always keep an eye on our\r\nrival's Star Count and our Mental stat.
プロデュースユニットが所持している８つの\nライブスキルから３つがランダムに選出され、\n１ターンに１つを使うことができます,Your produce unit has 8 Live Skills and\r\n3 will be randomly selected.\r\nYou can use 1 per turn.
まずは、真乃さんが持っている「スキル」を\n選択してみましょう～,"First, let's select\r\nMano's skill~"
真乃さんのライブスキルは「Vocal」ジャンルなので\n「Vocal担当審査員」に使うと『好反応』を得られます,Mano's skill is a 'Vocal' skill which will\r\nget a 'good reaction' from the Vocal Judge.
それでは「Vocal担当審査員」を選択しましょう～,"Well then, let's select the Vocal Judge~"
審査員の方を選択すると\n「アピールメーター」が表示されます\n基本は「Perfect」の位置を狙っていきましょう,"Once you select a Judge the 'Appeal Meter'\r\nwill display. Typically, let's aim\r\nfor a 'Perfect'!"
今が「Perfect」チャンスの位置です\n本番では、うまく狙ってくださいね,The position right now is your\r\nchance to hit a Perfect.
アピールフェイズでは、行動順番毎に\nアイドルがアピールをしていきます,"During the appeal phase, every idol\r\nwill make their appeals."
審査員の方々は、アイドル達に厳しいコメントを\nされます。アイドルの「メンタル」を常に見守って\n適切な指示を出してあげましょう,Judges will give out harsh criticism.\r\nBe sure to watch your 'Mental'\r\nand give the appropriate directions.
2ターン目は風野灯織さんの持っている\n「スキル」を選択してみてください,For Turn 2 let's please use\r\nHiori Kazano's skill.
今回も「Vocal」審査員を選択しましょう,Let's again aim at the Vocal Judge.
アピールメーターをTAPしてください,Please TAP the appeal meter.
３ターン目は八宮めぐるさんが持っている\n「スキル」を選択してみましょう,For Turn 3 let's please use\r\nMeguru Hachimiya's skill.
もう一度「Vocal担当審査員」を選択してください,Let's aim at the Vocal Judge once more.
アピールメーターをTAPしてください\nふふ、そろそろ慣れてきましたか～？,"Please TAP the appeal meter.\r\nFufu, are you getting used to it?"
思い出ゲージが溜まりましたよ\rプロデューサーさんとアイドルとのコミュニケーション\rによって、引き出された能力です,Your Memory Appeal Gauge is full!\r\nIt's the ability that was drawn\r\nout by communicating with your idol.
さらに、今回は「リンクアピール」の条件を満たしているので、思い出アピールの後に続けて「リンクアピール」が行われますよ,"What's more, this time you've fulfilled\r\nthe Link Appeal condition. After the Memory\r\nAppeal you'll also get a Link Appeal!"
アイドル達の輝く瞬間をしっかり見届けてくださいね！,Let's see the shining moments of our idols!
それでは、使ってみましょう～,"Well then, let's use it~"
Goodのタイミングをうまく狙えると\n思い出アピールの力が「最大限」引き出されます,"If you can aim for a 'Good' timing,\r\nyou'll get the 'Maximum' power of the appeal!"
「Good」をTAPしましょう\n本番では、しっかり狙っていきましょう,"Let's tap on 'Good'.\r\nFor the real thing, let's aim well!"
リンクアピールの発動条件はスキルによって異なります\n条件を満たしていないと発動できませんので\n確認をしてからユニットを編成しましょう,You have to meet certain requirements in\r\norder to do a Link Appeal. Please\r\ncheck them before organizing your units.
プロデューサーさん、やりましたね～\n審査員を満足させることができたので\n「スター」を獲得することができましたよ\n,"Producer, you did it~\r\nYou were able to fill the Judge bar\r\nso you earned 'Stars'!"
ライバルよりも「一番多くのスターを獲得」して\n１位を目指しましょう,Let's aim for 1st place by\r\nearning more stars than our rivals!
アイドルランクアップおめでとうございます\n各シーズン内にある「目標ランク」を必ず達成しましょうね,Congratulations on improving your idol rank.\r\nBe sure to reach the 'target rank'\r\nbefore each season ends.
それでは「プロデュース講座」はここで一旦終了します\n本番も気合を入れて臨みましょうね,So that ends the 'Produce Tutorial'.\r\nLet's get into the real thing!
さぁ、チュートリアルはもう少しですよ～\nそろそろお昼寝が恋しくなってきているかもしれませんが\nあとちょっとがんばりましょ～,"Well, there's a little bit more tutorial~\r\nYou can't nap just yet!\r\nLet's do our best a little more~"
こちらは「ホーム画面」になります\n全てのゲームシステムはここからアクセスができますよ,This is the Home Screen. You can\r\naccess all the game systems from here.
それでは……お待ちかねの\n「運命の出会いガシャ」にご案内しますね～,Which means... I can teach you about\r\nthe long-awaited 'Fateful Meeting Gacha'~
「運命の出会いガシャ」はプロデューサーさんの\n好きなタイミングで引くことができます,You can pull from the 'Fateful\r\nMeeting Gacha' whenever you choose to.
ただし、１回しか引くことができないので\nタイミングはよく考えましょうね～,But you can only use it once so\r\nplease keep that in mind~
余談ですが、「ほぼ全てのゲーム画面」に\n「？ボタン」が設置されていますよ\nわからないことがあったら、ここで確認をしてくださいね,Please note that almost every game screen\r\nhas a '?' button. If you aren't sure about\r\nsomething you can find info there.
プロデュースで育成したアイドルを\n「フェス」でライブ対戦をすることができます,You can use the idol you raised in\r\nProduce mode in the competitive 'Fes' mode.
「プロデュース」でアイドルを育成した後に\nチャレンジしてみてくださいね,After raising an idol in Produce mode\r\nplease challenge yourself in Fes!
最後に「他のゲームシステム」の説明を\n簡単にしますよ,Last is a brief explanation of\r\nother game systems.
これでチュートリアルは終わりになります\n最高のアイドルをプロデュースするために\nこれから一緒にがんばっていきましょ～,That's the end of the tutorial.\r\nPlease do your best with the idols\r\nand work together to become the greatest!
最後に補足です\n快適なプロデュースのために\nこちらを忘れずにやってくださいね〜,"One final note.\r\nTo enjoy Production more,\r\nplease don't forget to do this~"
やった！,Alright!
日,d
櫻木真乃,Mano S.
風野灯織,Hiori K.
八宮めぐる,Meguru H.
月岡恋鐘,Kogane T.
田中摩美々,Mamimi T.
白瀬咲耶,Sakuya S.
三峰結華,Yuika M.
幽谷霧子,Kiriko Y.
小宮果穂,Kaho K.
園田智代子,Chiyoko S.
西城樹里,Juri S.
杜野凛世,Rinze M.
有栖川夏葉,Natsuha A.
大崎甘奈,Amana O.
大崎甜花,Tenka O.
桑山千雪,Chiyuki K.
芹沢あさひ,Asahi S.
黛冬優子,Fuyuko M.
和泉愛依,Mei I.
浅倉透,Toru A.
樋口円香,Madoka H.
福丸小糸,Koito F.
市川雛菜,Hinana I.
七草にちか,Nichika N.
緋田美琴,Mikoto A.
斑鳩ルカ,Luca I.
鈴木羽那,Hana S.
郁田はるき,Haruki I.
なまえ,Name
ユニット,Unit
身長,Ht.
スリーサイズ,B/W/T
出身地,POB
趣味,Hobby
特技,Skill
年齢,Age
誕生日,Birth.
体重,Wt.
血液型,Blood
星座,Sign
利き手,Handed
初心者ミッションを進めていくと上記のサポートアイドルが手に入ります,You'll receive these support idols by completing beginner missions.
難易度とレベルを選択してください,Please select difficulty level
推奨ランク,Rec Rank
プロデューサーさん、アイドルの体力が減っている事に\n気付きましたか？,"Producer, did you notice your idol's\nStamina decreased?"
まれに、朝、アイドルから話しかけられることがありますよ,"Morning conversations can pop up."
事務所ではアイドルとコミュニケーションを取ることが\nできるんですよ,You're able to communicate with your idol\r\nin the office.
まずは、1つ目の「スキル」選択してみましょう～,"First, let's choose the skill here~"
選択した「スキル」と同じジャンルの\n「担当審査員」に使うと『好印象』を得られますので\n覚えておいてくださいね～,"Choosing a judge with the same specialty\nas your skill will get a good reaction.\nPlease keep this in mind~"
２ターン目はこちらの「スキル」を\n選択してみてください,"For turn 2 please choose\nthis skill."
３ターン目はこちらの「スキル」を\n選択してみてください,"For turn 3 please choose\nthis skill."
真乃,Mano
灯織,Hiori
めぐる,Meguru
恋鐘,Kogane
摩美々,Mamimi
咲耶,Sakuya
結華,Yuika
霧子,Kiriko
果穂,Kaho
智代子,Chiyoko
樹里,Juri
凛世,Rinze
夏葉,Natsuha
甘奈,Amana
甜花,Tenka
千雪,Chiyuki
あさひ,Asahi
優子,Fuyuko
愛依,Mei
透,Toru
円香,Madoka
小糸,Koito
雛菜,Hinana
ルカ,Luca
羽那,Hana
はるき,Haruki
利用規約とプライバシーポリシーに同意してから\n本サービスをご利用ください。\nまた、未成年の方は、法定代理人（ご両親等）の\n同意が必要です。,"Please agree to the Terms of Service and\nPrivacy Policy to use this service.\nIf you are a minor, you will need\na legal guardian's approval."
これによりLINEへの自動投稿が許可されることはありません,This won't allow automated posting on LINE
アカウント認証するとenzaユーザーアカウントが作成されます,Authenticating the account will create an enza account
すでに連携済のデータがある場合、現在のゲームデータは連携されずに消去されます,"If an account is already linked, the current game data will be erased"
すでにenzaアカウントをお持ちの方はこちら,Click here if you already have an enza account
ミッション達成数,Missions Cleared
ホームボイス4（アイドルロード）,Home Voice 4 (Idol Road)
ラストアピール,Last Appeal
トップアピール,Top Appeal
トップ交代,Overtake Top
がっちりアピール,Top + Last Appeal
所属グレードボーナス,Grade Bonus
対戦相手能力ボーナス,Opponent Strength Bonus
完全掌握,Perfect Control
伝説の一瞬,Legendary Moment
パーフェクトライブ,Perfect Live
ご、合格……よ、よかった……！,ご、合格……よ、よかった……！
初心者ミッションを進めるプロデュースアイドルを選択しよう,Let's select a Produce Idol to move forward
初心者ミッションを進めるプロデュース\nアイドルを選択しよう,Let's select a Produce Idol to move forward
初心者ミッションでプロデュースのコツを掴んでいってくださいね～,Please learn some Producing tricks with the Beginner Missions~
プロデュースユニットを編成したら、\nアイドルのプロデュースを始めてみましょうか～,"Let's start a Produce run once we've set up our Produce unit~"
最初の一歩、踏み出せましたね\nこれからはアイドルのみなさんと一緒に、\n少しずつでもしっかり進んでいってください,"You've taken the first step.\nNow, please make gradual progress\nalong with your idols."
振り返りでスキルを習得してみましょう♪スキル習得に使うSPは「トークイベント」のお仕事で、たくさんもらう事ができますよ～♪,"Let's Reminisce and learn some skills♪ You can get lots of SP for skills in the Talk Event room♪"
イベント累計ファン数報酬が受け取れます,Received a Total Fan reward
イベント累計ファン数報酬獲得,Total Fan Reward
『市川雛菜様のご活躍を拝見し、\n是非とも、お話を伺いたいと────────』,"""I've been watching Ms. Hinana Ichikawa's accomplishments,\nand would love to interview them----"""
レッスンの様子,How are lessons
仕事の様子,How are jobs
「あとで再生」を選んだ場合、\n期間中ホーム画面で再度この確認が表示されます。,"Selecting 「Play Later」\r\nwill make this popup appear again on\r\nthe home screen during the event."
2nd Anniversary特別ミッション,2nd Anniversary Missions
ファン感謝祭編をクリアしフェスアイドルを誕生させると解放,Please clear Thanks Flapping Day to unlock this mode.
ブロックごとのプロモーション活動を通してアイドルをプロデュースできます。ひらめきによって成長を促し、ファンの満足度を高めて『G.R.A.D.』優勝を目指しましょう！,"Produce an idol with Block Promotions. Using Inspiration to grow, raise your fan's excitement and aim to win the "G.R.A.D." championship!"
ショップイベント,Shop Event
商品プロモーション,Merch Promotion
チャンネル配信,TV Broadcast
「ユニット編成」の画面で編成チュートリアルを見てみましょう♪,"Let's watch the tutorial on the 'Unit Setup' page♪"
「ユニット編成」について説明します♪,I'll explain Unit Organization♪
ユニット編成ではプロデュースを担当する\n「プロデュースアイドル」1人と,"In a Unit, the idol you're in charge\nof Producing will be this 'Produce Idol'."
彼女をサポートする\n「サポートアイドル」5人の計6人で行います♪,"You'll Produce with 6 girls, the other\n5 will be supporting your Produce Idol♪"
プロデュースアイドルがどのような成長をするかは\n編成したサポートアイドルと\nスケジュールの組み方で左右されてきますよ～,How your idol grows will depend on\nthe support idols you pick\nand the schedule you set~
サポートアイドルのアイコンをタップして編成しましょう♪,Let's organizing by tapping this support's icon♪
例えばVocalが得意なプロデュースアイドルを\n育成したい場合には、「Vocal」に特化したスキルを\n多く持ったサポートアイドルを編成してみましょう～,"For example, if you have a Vocal focused\nProduce Idol, you'll want to create a unit\nwith a lot of Vocal focused Support Idols~"
所持スキルを確認したい時は、\nアイドルのアイコンを長押しして詳細を表示してください,"To check their skills, please long press\nan idol's icon to see their details now."
はい、こちらの画面で確認できます♪,"Right, you can check them on this screen♪"
「スキルパネル」はプロデュースアイドルが\nプロデュース中に覚えるためのものになります♪,"Your Produce Idol can learn a Support Idol's\nSkill Panel skills during a Produce run♪"
「ライブスキル」はオーディションやライブで\n審査員にアピールする時に使用するスキルです,"Live Skills are skills used during auditions\nto appeal to the judges."
「パッシブスキル」は、ライブ中の審査員への\nアピール力をアップする効果や、プロデュースアイドルの\n基礎値上限をアップできたりするものです,"Passive skills include effects that\nincrease your appeal power, or\nraise the limit of your base stats."
続いてサポートアイドルの所持スキルを見てみましょう,Next let's look at the skills the Support knows
「所持スキル」は、サポートアイドルがプロデュース中に\n発動するスキルです。特訓やトレーニングでサポートアイ\nドルを強化することでスキルレベルがアップしますよ～,"Owned Skills are only active during a Produce\nrun. By evolving or training a support, these\nskills will level up~"
「ライブスキル」は、オーディションやライブで\n審査員にアピールする時に使用するスキルです,"Live Skills are the appeals this idol\ncan use on judges during auditions or lives."
「サポートスキル」はプロデュース中に\nレッスンやお仕事をサポートしてくれるスキルです♪,"Support Skills are skills that help out\nduring lessons and jobs in a Produce run♪"
レッスンやお仕事を行った時に獲得できる基礎値が\n増えたり、体力の消費を抑えたり、プロデュースを\n助けてくれるスキルが多くあるんですよ～,"They have lots of different effects, from\nincreasing that stat gains of a lesson room,\nreducing stamina consumption, etc.~"
それでは実際に編成するため\n一度「サポートアイドル編成一覧」へ戻ってみましょう～,"To actually set a unit let's \ngo back to the Support Idol list~"
編成するサポートアイドルをタップしてみましょう♪,Let's tap a Support Idol to set them♪
以上で編成のチュートリアルは終了です。\nアイドルの詳細を見ながらプロデュース方針に\n合ったサポートアイドルを編成してあげてくださいね～,"That ends this tutorial.\nPlease check the details of your\nsupport idols to form a plan of action~"
【ほわっとスマイル】櫻木 真乃はVocalが得意ジャンルのよう\nです。Vocalを高め、ライブスキル「ほわっとスマイル」「ほ\nわっとスマイル+」の習得を目指しましょう。,This Mano is skilled in Vocal.\nLet's raise our Vocal and aim for both\nher live skills.
【柔らかな微笑み】風野 灯織はVisualが得意ジャンルのよ\nうです。Visualを高め、ライブスキル「柔らかな微笑み」\n「柔らかな微笑み+」の習得を目指しましょう。,This Hiori is skilled in Visual.\nLet's raise our Visual and aim for both\nher live skills.
【金色の元気いっぱいガール】八宮 めぐるはDanceが得意\nジャンルのようです。Danceを高め、ライブスキル「金色\nの元気いっぱいガール」「金色の元気いっぱいガール+」\nの習得を目指しましょう。,This Meguru is skilled in Dance.\nLet's raise our Dance and aim for both\nher live skills.
【ばりうまかブルース】月岡 恋鐘はVocalが得意ジャンルのよ\nうです。Vocalを高め、ライブスキル「ばりうまかブルース」\nと高倍率のアピールスキルの習得を目指しましょう。,This Kogane is skilled in Vocal.\nLet's raise our Vocal and aim for her\nlive skill and another strong\nVocal skill.
【お試し/みつゴコロ】三峰 結華はVisualが得意ジャンルのよ\nうです。Visualを高め、ライブスキル「お試し/みつゴコロ」\nと高倍率のアピールスキルの習得を目指しましょう。,This Yuika is skilled in Visual.\nLet's raise our Visual and aim for her\nlive skill and another strong\nVisual skill.
【トリッキーナイト】田中 摩美々はVisualが得意ジャンル\nのようです。Visualを高め、ライブスキル「トリッキーナ\nイト」と高倍率のアピールスキルの習得を目指しましょう。,This Mamimi is skilled in Visual.\nLet's raise our Visual and aim for her\nlive skill and another strong\nVisual skill.
【紺碧のボーダーライン】白瀬 咲耶はVisualが得意ジャンル\nのようです。Visualを高め、ライブスキル「紺碧のボーダー\nライン」と高倍率のアピールスキルの習得を目指しましょう。,This Sakuya is skilled in Visual.\nLet's raise our Visual and aim for her\nlive skill and another strong\nVisual skill.
【霧・音・燦・燦】幽谷 霧子はDanceが得意ジャンルのよう\nです。Danceを高め、ライブスキル「霧・音・燦・燦」と高\n倍率のアピールスキルの習得を目指しましょう。,This Kiriko is skilled in Dance.\nLet's raise our Dance and aim for her\nlive skill and another strong\nDance skill.
【第2形態アーマードタイプ】小宮 果穂はDanceが得意ジャ\nンルのようです。Danceを高め、ライブスキル「第2形態ア\nーマードタイプ」や高倍率のアピールスキルの習得を目指し\nましょう。,This Kaho is skilled in Dance.\nLet's raise our Dance and aim for her\nlive skill and another strong\nDance skill.
【ちょこ色×きらきらロマン】園田 智代子はDanceが得意ジャ\nンルのようです。Danceを高め、ライブスキル「ちょこ色×き\nらきらロマン」と高倍率のアピールスキルの習得を目指しま\nしょう。,This Chiyoko is skilled in Dance.\nLet's raise our Dance and aim for her\nlive skill and another strong\nDance skill.
【ラムネ色の覚悟】西城 樹里はVisualが得意ジャンルのよう\nです。Visualを高め、ライブスキル「ラムネ色の覚悟」と高\n倍率のアピールスキルの習得を目指しましょう。,This Juri is skilled in Visual.\nLet's raise our Visual and aim for her\nlive skill and another strong\nVisual skill.
【杜野凛世の印象派】杜野凛世はVocalが得意ジャンルのよう\nです。Vocalを高め、ライブスキル「杜野凛世の印象派」と高\n倍率のアピールスキルの習得を目指しましょう。,This Rinze is skilled in Vocal.\nLet's raise our Vocal and aim for her\nlive skill and another strong\nVocal skill.
【アルティメットマーメイド】有栖川 夏葉はVisualが得意\nジャンルのようです。Visualを高め、ライブスキル「アル\nティメットマーメイド」と高倍率のアピールスキルの習得を\n目指しましょう。,This Natsuha is skilled in Visual.\nLet's raise our Visual and aim for her\nlive skill and another strong\nVisual skill.
【スタンバイオッケー】大崎 甘奈はVocalが得意ジャンルのよ\nうです。Vocalを高め、ライブスキル「スタンバイオッケー」\nと高倍率のアピールスキルの習得を目指しましょう。,This Amana is skilled in Vocal.\nLet's raise our Vocal and aim for her\nlive skill and another strong\nVocal skill.
【マイ・ピュア・ロマンス】桑山 千雪はVisualが得意ジャン\nルのようです。Visualを高め、ライブスキル「マイ・ピュ\nア・ロマンス」と高倍率のアピールスキルの習得を目指しま\nしょう。,This Chiyuki is skilled in Visual.\nLet's raise our Visual and aim for her\nlive skill and another strong\nVisual skill.
【事務所。静寂。大輪の華】大崎 甜花はDanceが得意ジャン\nルのようです。Danceを高め、ライブスキル「事務所。静寂。\n大輪の華」と高倍率のアピールスキルの習得を目指しましょ\nう。,This Tenka is skilled in Dance.\nLet's raise our Dance and aim for her\nlive skill and another strong\nDance skill.
【ジャンプ！スタッグ！！！】芹沢 あさひはDanceが得意ジャ\nンルのようです。Danceを高め、ライブスキル「ジャンプ！\nスタッグ！！！」と高倍率のアピールスキルの習得を目指し\nましょう。,This Asahi is skilled in Dance.\nLet's raise our Dance and aim for her\nlive skill and another strong\nDance skill.
【オ♡フ♡レ♡コ】黛 冬優子はVisualが得意ジャンルのよう\nです。Visualを高め、ライブスキル「オ♡フ♡レ♡コ」と高\n倍率のアピールスキルの習得を目指しましょう。,This Fuyuko is skilled in Visual.\nLet's raise our Visual and aim for her\nlive skill and another strong\nVisual skill.
【ちょっとあげる～】和泉 愛依はVocalが得意ジャンルのよう\nです。Vocalを高め、ライブスキル「ちょっとあげる～」と高\n倍率のアピールスキルの習得を目指しましょう。,This Mei is skilled in Vocal.\nLet's raise our Vocal and aim for her\nlive skill and another strong\nVocal skill.
トークイベントに出演などでSPを累計100以上獲得しよう,Let's do Talk Shows until we have 100 SP
ラジオの収録などでメンタルを100以上にしよう,Let's do Radio Recordings until we have 100 Mental
ラジオの収録やトークイベントに出演などでファン数を1000人以上獲得しよう,Let's get 1000 fans by doing Talk Shows and Radio Recordings
トラブルを発生させずにシーズンをクリアしよう,Let's complete the season without hitting Trouble
トークイベントに出演などでSPを累計200以上獲得しよう,Let's do Talk Shows until we have 200 SP
ラジオの収録などでメンタルを230以上にしよう,Let's do Radio Recordings until we have 230 Mental
Visualを150以上にしよう,Let's raise Visual to 150
Vocalを150以上にしよう,Let's raise Vocal to 150
Danceを150以上にしよう,Let's raise Dance to 150
「夕方ワイド アイドル一番！」に1回合格しよう,Let's pass the 「夕方ワイド アイドル一番！」 audition once
ファン数を累計1万人以上獲得しよう,"Let's raise our fan count to 10,000"
トークイベントに出演などでSPを累計340以上獲得しよう,Let's do Talk Shows until we have 340 SP
ラジオの収録などでメンタルを300以上にしよう,Let's do Radio Recordings until we have 300 Mental
Visualを400以上にしよう,Let's raise Visual to 400
Vocalを400以上にしよう,Let's raise Vocal to 400
Danceを400以上にしよう,Let's raise Dance to 400
「SPOT LIGHTのせいにして…」に1回合格しよう,Let's clear the 「SPOT LIGHTのせいにして…」 audition once
「踊っていいとも？増刊号」に1回合格しよう,Let's clear the 「踊っていいとも？増刊号」 audition once
ファン数を累計10万人以上獲得しよう,"Let's raise our fan count to 100,000"
「オールアイドル感謝FESTIVAL」に2回合格しよう,Let's clear the 「オールアイドル感謝FESTIVAL」 audition twice
「THE LEGEND」に3回合格しよう,Let's clear the 「THE LEGEND」 audition three times
Visualを450以上にしよう,Let's raise Visual to 450
Vocalを450以上にしよう,Let's raise Vocal to 450
Danceを450以上にしよう,Let's raise Dance to 450
ファン数を累計50万人以上獲得しよう,"Let's raise our fan count to 500,000"
オーディションに参加しよう,Let's participate in Auditions
次回は目標に従って、シーズン毎に定められたオーディションで\n入賞できるように頑張ってみましょう♪\nシーズンクリアの基準となる『目標獲得ファン人数』も意識してみてください\nシーズン2までにライブスキルを習得、シーズン3以降は得意ジャンルと\nメンタルを高めて、得意ジャンルが流行1位のタイミングで\nオーディションに参加するプロデュース方針がおすすめですよ～,"To meet your objective next time,\nlet's do our best to beat the recommended auditions♪\nBe sure to keep an eye on the "Fan Count Goal"\nLearn Live Skills for season 2, and raise your strong stat and mental\nstat for season 3. Let's keep challenging auditions when your\nspecialty is the #1 Trend, and don't give up～!"
True End研修:Vocal,True End Training:Vocal
True End研修:Dance,True End Training:Dance
True End研修:Visual,True End Training:Visual
フェスアイドル育成研修:Center,Fes Idol Training:Center
フェスアイドル育成研修:Leader,Fes Idol Training:Leader
フェスアイドル育成研修:Vocal,Fes Idol Training:Vocal
フェスアイドル育成研修:Dance,Fes Idol Training:Dance
フェスアイドル育成研修:Visual,Fes Idol Training:Visual
プロデュースの研修設定を,Continue with the
で保存しますか？,training settings?
研修設定はプロデュース中に変更できません,Settings can't be changed in Produce
研修はW.I.N.G.編でのみ有効となります,Training is only valid for W.I.N.G.
思い出アピールをLv.1以上にしよう,Let's reach Memory Appeal Lv.1 or higher
思い出アピールをLv.2以上にしよう,Let's reach Memory Appeal Lv.2 or higher
思い出アピールをLv.3以上にしよう,Let's reach Memory Appeal Lv.3 or higher
思い出アピールをLv.4以上にしよう,Let's reach Memory Appeal Lv.4 or higher
Visualを120以上にしよう,Let's raise Visual to 120
Vocalを120以上にしよう,Let's raise Vocal to 120
Danceを120以上にしよう,Let's raise Dance to 120
オーディションに参加してファン数を累計1万人以上獲得しよう,"Let's participate in Auditions to reach 10,000 fans"
オーディションに参加してファン数を累計5万人以上獲得しよう,"Let's participate in Auditions to reach 50,000 fans"
オーディションに参加してファン数を累計10万人以上獲得しよう,"Let's participate in Auditions to reach 100,000 fans"
Visualを180以上にしよう,Let's raise Visual to 180
Vocalを180以上にしよう,Let's raise Vocal to 180
Danceを180以上にしよう,Let's raise Dance to 180
Visualを250以上にしよう,Let's raise Visual to 250
Vocalを250以上にしよう,Let's raise Vocal to 250
Danceを250以上にしよう,Let's raise Dance to 250
メンタルを280以上にしよう,Let's raise Mental to 280
メンタルを160以上にしよう,Let's raise Mental to 160
トークイベントに出演などでSPを累計150以上獲得しよう,Let's do Talk Shows until we have 150 SP
トークイベントに出演などでSPを累計220以上獲得しよう,Let's do Talk Shows until we have 220 SP
トークイベントに出演などでSPを累計350以上獲得しよう,Let's do Talk Shows until we have 350 SP
ラジオの収録などでメンタルを400以上にしよう,Let's do Radio Recordings until we have 400 Mental
ラジオの収録などでメンタルを330以上にしよう,Let's do Radio Recordings until we have 330 Mental
Visualを200以上にしよう,Let's raise Visual to 200
Vocalを200以上にしよう,Let's raise Vocal to 200
Danceを200以上にしよう,Let's raise Dance to 200
メンタルを500以上にしよう,Let's raise Mental to 500
Visualを300以上にしよう,Let's raise Visual to 300
Vocalを300以上にしよう,Let's raise Vocal to 300
Danceを300以上にしよう,Let's raise Dance to 300
Visualを360以上にしよう,Let's raise Visual to 360
Vocalを360以上にしよう,Let's raise Vocal to 360
Danceを360以上にしよう,Let's raise Dance to 360
Visualを500以上にしよう,Let's raise Visual to 500
Vocalを500以上にしよう,Let's raise Vocal to 500
Danceを500以上にしよう,Let's raise Dance to 500
メンタル上限アップのスキルを1つ習得をしよう,Let's learn a Mental Cap increase skill
Vocal上限アップのスキルを1つ習得をしよう,Let's learn a Vocal Cap increase skill
Dance上限アップのスキルを1つ習得をしよう,Let's learn a Dance Cap increase skill
Visual上限アップのスキルを1つ習得をしよう,Let's learn a Visual Cap increase skill
Vocalアピール倍率2.5倍以上のライブスキルを習得しよう,Let's learn a Vocal 2.5x or higher Appeal
Danceアピール倍率2.5倍以上のライブスキルを習得しよう,Let's learn a Dance 2.5x or higher Appeal
Visualアピール倍率2.5倍以上のライブスキルを習得しよう,Let's learn a Visual 2.5x or higher Appeal
Vocalアピール倍率3倍以上のライブスキルを習得しよう,Let's learn a Vocal 3x or higher Appeal
Danceアピール倍率3倍以上のライブスキルを習得しよう,Let's learn a Dance 3x or higher Appeal
Visualアピール倍率3倍以上のライブスキルを習得しよう,Let's learn a Visual 3x or higher Appeal
Aブロック,A Block
シーズン中のボーカルレッスンの施設Lv.+3,Vocal Lesson Room Lv.+3 during Season
この街は音楽と共にある\n歩く音すらもリズムに変わる,This block is full of music.\nEven your footsteps move to the rhythm.
Bブロック,B Block
シーズン中のダンスレッスンの施設Lv.+3,Dance Lesson Room Lv.+3 during Season
ストリートスポーツが盛んな街\nさあ、身体を動かそう,"A block thriving with street sports.\nHey, let's move our body!"
Cブロック,C Block
シーズン中のビジュアルレッスンの施設Lv.+3,Visual Lesson Room Lv.+3 during Season
ファッション・アートの発信地\nここではセンスが武器になる,The origin of fashion and art.\nTaste and style are the law here.
Dブロック,D Block
シーズン中の全お仕事の施設Lv.+2,All Job Rooms Lv.+2 during Season
高層ビルが立ち並ぶオフィス街\n昼も夜も、未来が生まれる,An office city lined with high-rise buildings.\nCreating the future around the clock.
Leader適正 ○,Leader Qualification ○
フェスユニット編成時、Leaderに設定した際のポジションボーナスを＋10%,"When set in a Fes Unit as Leader, gains +10% position bonus"
Leader適正 ◎,Leader Qualification ◎
フェスユニット編成時、Leaderに設定した際のポジションボーナスを＋15%,"When set in a Fes Unit as Leader, gains +15% position bonus"
Vocal適正 ○,Vocal Qualification ○
フェスユニット編成時、Vocalに設定した際のポジションボーナスを＋10%,"When set in a Fes Unit as Vocal, gains +10% position bonus"
Vocal適正 ◎,Vocal Qualification ◎
フェスユニット編成時、Vocalに設定した際のポジションボーナスを＋15%,"When set in a Fes Unit as Vocal, gains +15% position bonus"
Dance適正 ○,Dance Qualification ○
フェスユニット編成時、Danceに設定した際のポジションボーナスを＋10%,"When set in a Fes Unit as Dance, gains +10% position bonus"
Dance適正 ◎,Dance Qualification ◎
フェスユニット編成時、Danceに設定した際のポジションボーナスを＋15%,"When set in a Fes Unit as Dance, gains +15% position bonus"
Visual適正 ○,Visual Qualification ○
フェスユニット編成時、Visualに設定した際のポジションボーナスを＋10%,"When set in a Fes Unit as Visual, gains +10% position bonus"
Visual適正 ◎,Visual Qualification ◎
フェスユニット編成時、Visualに設定した際のポジションボーナスを＋15%,"When set in a Fes Unit as Visual, gains +15% position bonus"
Center適正 ○,Center Qualification ○
フェスユニット編成時、Centerに設定した際のポジションボーナスを＋5%,"When set in a Fes Unit as Center, gains +5% position bonus"
Center適正 ◎,Center Qualification ◎
フェスユニット編成時、Centerに設定した際のポジションボーナスを＋10%,"When set in a Fes Unit as Center, gains +10% position bonus"
オールラウンダー○,All-Rounder ○
フェスユニット編成時、ポジションボーナスが＋5%,"When set in a Fes Unit, gains +5% position bonus"
オールラウンダー◎,All-Rounder ◎
フェスユニット編成時、ポジションボーナスが＋10%,"When set in a Fes Unit, gains +10% position bonus"
スロースターター,Slow Start
アピール値4~20％UP[経過ターンが長いほど効果UP],Appeal Strength 4~20％ UP [Higher in later turns]
スタートダッシュ,Start Dash
アピール値2~10％UP[経過ターンが短いほど効果UP],Appeal Strength 2~10％ UP [Higher in early turns]
人気者,Popular
審査員の興味3％UP,Judge Interest 3％UP
物静か,Quiet
審査員の興味3％DOWN,Judge Interest 3％DOWN
いずれかのひらめき×3,Any×3
いずれかのひらめき×4,Any×4
いずれかのひらめき×5,Any×5
いずれかのひらめき×8,Any×8
除去：メランコリー１,Remove: Melancholy 1
アピールフェイズ開始毎にメランコリー効果を5％の確率で除去,5% chance to remove Melancholy at the start of each Appeal Phase
除去：メランコリー２,Remove: Melancholy 2
アピールフェイズ開始毎にメランコリー効果を10％の確率で除去,10% chance to remove Melancholy at the start of each Appeal Phase
除去：リラックス１,Remove: Relax 1
アピールフェイズ開始毎にリラックス効果を5％の確率で除去,5% chance to remove Relax at the start of each Appeal Phase
除去：リラックス２,Remove: Relax 2
アピールフェイズ開始毎にリラックス効果を10％の確率で除去,10% chance to remove Relax at the start of each Appeal Phase
注目の的,Center of Attention
注目度が10％UP,Attention Rate 10％UP
ひかえめ,Low-Key
注目度が3％DOWN,Attention Rate 3％DOWN
Vocal上限＋,Vocal Limit+
Vocalの上限値＋50,Vocal Cap +50
Vocal上限＋＋,Vocal Limit++
Vocalの上限値＋75,Vocal Cap +75
Vocal上限＋＋＋,Vocal Limit+++
Vocalの上限値＋100,Vocal Cap +100
Dance上限＋,Dance Limit+
Danceの上限値＋50,Dance Cap +50
Dance上限＋＋,Dance Limit++
Danceの上限値＋75,Dance Cap +75
Dance上限＋＋＋,Dance Limit+++
Danceの上限値＋100,Dance Cap +100
Visual上限＋,Visual Limit+
Visualの上限値＋50,Visual Cap +50
Visual上限＋＋,Visual Limit++
Visualの上限値＋75,Visual Cap +75
Visual上限＋＋＋,Visual Limit+++
Visualの上限値＋100,Visual Cap +100
メンタル上限＋,Mental Limit+
メンタルの上限値＋50,Mental Cap +50
メンタル上限＋＋,Mental Limit++
メンタルの上限値＋75,Mental Cap +75
メンタル上限＋＋＋,Mental Limit+++
メンタルの上限値＋100,Mental Cap +100
ボーカルマスター,Vocal Mastery
アピールフェイズ開始毎にVocalDOWNステータス効果を100％の確率で除去,100% Chance to remove VocalDOWN Effect at the start of each Appeal Phase
ダンスマスター,Dance Mastery
アピールフェイズ開始毎にDanceDOWNステータス効果を100％の確率で除去,100% Chance to remove DanceDOWN Effect at the start of each Appeal Phase
ビジュアルマスター,Visual Mastery
アピールフェイズ開始毎にVisualDOWNステータス効果を100％の確率で除去,100% Chance to remove VisualDOWN Effect at the start of each Appeal Phase
パーフェクトリィ,Perfecthree
すべてのアピール値が10％UP,All Appeal Strength 10％ UP
スペシャリスト,Specialist
フェスユニット編成時に全基礎能力へのボーナスを+5%,All base stats bonus +5% in Fes 
ロマンチスト,Romantist
思い出増加量+5%/アピール値最大10%UP[思い出ージが多いほど効果UP],Memory Gauge+5%/Appeal Strength 10% UP [Higher at higher Memory Gauge]
メンタリスト,Mentalist
アピール値最大5%UP[メンタルが多いほど効果UP]/アピール値最大10%UP[メンタルが少ないほど効果UP],Appeal Strength 5% UP [Higher at higher Mental]/Appeal Strength 10% UP [Higher at lower Mental]
メンタル回復量+,Mental Recovery+
メンタル回復量5%UP,Increases Mental Recovery by 5%
メンタル回復量-,Mental Recovery-
メンタル回復量5%DOWN,Decreases Mental Recovery by 5%
アピールUP（思い出高）,Appeal UP (High Memory)
アピール値2~10％UP[思い出ゲージが多いほど効果UP],Appeal Strength 2~10％ UP [Higher at higher Memory Gauge]
アピールUP（思い出低）,Appeal UP (Low Memory)
アピール値4~20％UP[思い出ゲージが少ないほど効果UP],Appeal Strength 4~20％ UP [Higher at lower Memory Gauge]
アピールUP（思い出高&低）, Appeal UP (High&Low Mem.)
アピール値最大5%UP[思い出ゲージが多いほど効果UP]/アピール値最大10%UP[思い出ゲージが少ないほど効果UP],Appeal Strength 5% UP [Higher at higher Memory Gauge]/Appeal Strength 10% UP [Higher at lower Memory Gauge]
真乃×4,Mano×4
櫻木真乃との絆,Bond with Mano
櫻木真乃がユニットにいる場合、アピール値が＋5%UP,Appeal Strength +5% when Mano is set in the unit
灯織×4,Hiori×4
風野灯織との絆,Bond with Hiori
風野灯織がユニットにいる場合、アピール値が＋5%UP,Appeal Strength +5% when Hiori is set in the unit
めぐる×4,Meguru×4
八宮めぐるとの絆,Bond with Meguru
八宮めぐるがユニットにいる場合、アピール値が＋5%UP,Appeal Strength +5% when Meguru is set in the unit
恋鐘×4,Kogane×4
月岡恋鐘との絆,Bond with Kogane
月岡恋鐘がユニットにいる場合、アピール値が＋5%UP,Appeal Strength +5% when Kogane is set in the unit
魔美々×4,Mamimi×4
田中摩美々との絆,Bond with Mamimi
田中摩美々がユニットにいる場合、アピール値が＋5%UP,Appeal Strength +5% when Mamimi is set in the unit
咲耶×4,Sakuya×4
白瀬咲耶との絆,Bond with Sakuya
白瀬咲耶がユニットにいる場合、アピール値が＋5%UP,Appeal Strength +5% when Sakuya is set in the unit
結華×4,Yuika×4
三峰結華との絆,Bond with Yuika
三峰結華がユニットにいる場合、アピール値が＋5%UP,Appeal Strength +5% when Yuika is set in the unit
霧子×4,Kiriko×4
幽谷霧子との絆,Bond with Kiriko
幽谷霧子がユニットにいる場合、アピール値が＋5%UP,Appeal Strength +5% when Kiriko is set in the unit
果穂×4,Kaho×4
小宮果穂との絆,Bond with Kaho
小宮果穂がユニットにいる場合、アピール値が＋5%UP,Appeal Strength +5% when Kaho is set in the unit
智代子×4,Chiyoko×4
園田智代子との絆,Bond with Chiyoko
園田智代子がユニットにいる場合、アピール値が＋5%UP,Appeal Strength +5% when Chiyoko is set in the unit
樹里×4,Juri×4
西城樹里との絆,Bond with Juri
西城樹里がユニットにいる場合、アピール値が＋5%UP,Appeal Strength +5% when Juri is set in the unit
凛世×4,Rinze×4
杜野凛世との絆,Bond with Rinze
杜野凛世がユニットにいる場合、アピール値が＋5%UP,Appeal Strength +5% when Rinze is set in the unit
夏葉×4,Natsuha×4
有栖川夏葉との絆,Bond with Natsuha
有栖川夏葉がユニットにいる場合、アピール値が＋5%UP,Appeal Strength +5% when Natsuha is set in the unit
甘奈×4,Amana×4
大崎甘奈との絆,Bond with Amana
大崎甘奈がユニットにいる場合、アピール値が＋5%UP,Appeal Strength +5% when Amana is set in the unit
甜花×4,Tenka×4
大崎甜花との絆,Bond with Tenka
大崎甜花がユニットにいる場合、アピール値が＋5%UP,Appeal Strength +5% when Tenka is set in the unit
千雪×4,Chiyuki×4
桑山千雪との絆,Bond with Chiyuki
桑山千雪がユニットにいる場合、アピール値が＋5%UP,Appeal Strength +5% when Chiyuki is set in the unit
あさひ×4,Asahi×4
芹沢あさひとの絆,Bond with Asahi
芹沢あさひがユニットにいる場合、アピール値が＋5%UP,Appeal Strength +5% when Asahi is set in the unit
冬優子×4,Fuyuko×4
黛冬優子との絆,Bond with Fuyuko
黛冬優子がユニットにいる場合、アピール値が＋5%UP,Appeal Strength +5% when Fuyuko is set in the unit
愛依×4,Mei×4
和泉愛依との絆,Bond with Mei
和泉愛依がユニットにいる場合、アピール値が＋5%UP,Appeal Strength +5% when Mei is set in the unit
透×4,Toru×4
浅倉透との絆,Bond with Toru
浅倉透がユニットにいる場合、アピール値が＋5%UP,Appeal Strength +5% when Toru is set in the unit
円香×4,Madoka×4
樋口円香との絆,Bond with Madoka
樋口円香がユニットにいる場合、アピール値が＋5%UP,Appeal Strength +5% when Madoka is set in the unit
小糸×4,Koito×4
福丸小糸との絆,Bond with Koito
福丸小糸がユニットにいる場合、アピール値が＋5%UP,Appeal Strength +5% when Koito is set in the unit
雛菜×4,Hinana×4
市川雛菜との絆,Bond with Hinana
市川雛菜がユニットにいる場合、アピール値が＋5%UP,Appeal Strength +5% when Hinana is set in the unit
にちか×4,Nichika×4
七草にちかとの絆,Bond with Nichika
七草にちかがユニットにいる場合、アピール値が＋5%UP,Appeal Strength +5% when Nichika is set in the unit
美琴×4,Mikoto×4
緋田美琴との絆,Bond with Mikoto
緋田美琴がユニットにいる場合、アピール値が＋5%UP,Appeal Strength +5% when Mikoto is set in the unit
ルカ×4,Luca×4
斑鳩ルカとの絆,Bond with Luca
斑鳩ルカがユニットにいる場合、アピール値が＋5%UP,Appeal Strength +5% when Luca is set in the unit
羽那×4,Hana×4
鈴木羽那との絆,Bond with Hana
鈴木羽那がユニットにいる場合、アピール値が＋5%UP,Appeal Strength +5% when Hana is set in the unit
はるき×4,Haruki×4
郁田はるきとの絆,Bond with Haruki
郁田はるきがユニットにいる場合、アピール値が＋5%UP,Appeal Strength +5% when Haruki is set in the unit
基礎能力値UP（+3%）,Base Stat UP (+3%)
基礎能力値UP（+6%）,Base Stat UP (+6%)
エキシビションマッチ,Exhibition Match
エキシビションマッチ+,Exhibition Match+
エキシビションマッチ++,Exhibition Match++
ファン感謝祭クリア,Fan Fest Clear
ファン感謝祭クリア+,Fan Fest Clear+
ファン感謝祭クリア++,Fan Fest Clear++
プレゼントを貰いたい子を選択してください,Please select the idol to receive a gift from
うん,Hmmm
サマーキャンペーン2020特別ミッションを5個クリアしよう,Clear 5 Summer Campaign 2020 Special Missions
サマーキャンペーン2020特別ミッションを9個クリアしよう,Clear 9 Summer Campaign 2020 Special Missions
サマーキャンペーン2020特別ミッションを13個クリアしよう,Clear 13 Summer Campaign 2020 Special Missions
サマーキャンペーン2020特別ミッションを17個クリアしよう,Clear 17 Summer Campaign 2020 Special Missions
サマーキャンペーン2020特別ミッションを全てクリアしよう,Clear All Summer Campaign 2020 Special Missions
大逆転劇,Dramatic Reversal
有償限定,Paid Only
タイア可能回数,Retire Credits
ライブクリア条件,Clear Conditions
２位以上の順位でライブが終了,Finish 2nd or above
ステージ制限,Stage Restrictions
習得しているアビリティはありません,No abilities learned
体力,Stamina
ボーナス,Bonus
イルミネーションスターズ,illumination STARS
アンティーカ,L'Antica
放課後クライマックスガールズ,Hokago Climax Girls
アルストロメリア,ALSTROEMERIA
ストレイライト,Straylight
ノクチル,noctchill
シーズ,SHHis
コメティック,CoMETIK
達成Vocalライブ回数,Vocal Lives Cleared
達成Danceライブ回数,Dance Lives Cleared
達成Visualライブ回数,Visual Lives Cleared
1位回数,Times Ranked #1
2位回数,Times Ranked #2
総スター獲得数,Total Stars Earned
Extreme勝利回数,Extreme Victories
最高ライブスコア,Highest Live Score
イベントパネル選択回数,Event Panels
プレゼントパネル選択回数,Present Panels
回復パネル選択回数,Heal Panels
挑戦可能なExtremeライブがありません,No Extreme Lives available to enter
北海道地方,Hokkaido
東北地方,Tohoku
関東地方,Kanto
中部地方,Chubu
中国地方,Chugoku
近畿地方,Kinki
四国地方,Shikoku
九州地方,Kyushu
所持しているアイテムがありません,You do not have any items
アイテムを選択してください,Please select an item
ユニットボーナスUP,Unit Bonus UP
ライブ中のユニットボーナスを+1％,Increases unit bonus by 1% during the live
ボーナスUP(Leader),Leader Bonus UP
ライブ中のポジションボーナスを+1％(Leader),Increases Leader position bonus by 1% during the live
ボーナスUP(Center),Center Bonus UP
ライブ中のポジションボーナスを+1％(Center),Increases Center position bonus by 1% during the live
ボーナスUP(Vocal),Vocal Bonus UP
ライブ中のポジションボーナスを+1％(Vocal),Increases Vocal position bonus by 1% during the live
ボーナスUP(Dance),Dance Bonus UP
ライブ中のポジションボーナスを+1％(Dance),Increases Dance position bonus by 1% during the live
ボーナスUP(Visual),Visual Bonus UP
ライブ中のポジションボーナスを+1％(Visual),Increases Visual position bonus by 1% during the live
VocalUP,Vocal UP
DanceUP,Dance UP
VisualUP,Visual UP
ライブ中、Vocal2％UP[3ターン]を付与,Grants a 3-turn Vocal 2% UP buff during the live
ライブ中、Dance2％UP[3ターン]を付与,Grants a 3-turn Dance 2% UP buff during the live
ライブ中、Visual2％UP[3ターン]を付与,Grants a 3-turn Visual 2% UP buff during the live
Vocal基礎能力UP,Vocal Base Stat UP
ライブ中のVocal基礎能力を+10,Vocal stat +10 during lives
Dance基礎能力UP,Dance Base Stat UP
ライブ中のDance基礎能力を+10,Dance stat +10 during lives
Visual基礎能力UP,Visual Base Stat UP
ライブ中のVisual基礎能力を+10,Visual stat +10 during lives
Vocal\nアピールUP,Vocal\nAppeal UP
Dance\nアピールUP,Dance\nAppeal UP
Visual\nアピールUP,Visual\nAppeal UP
Center\nボーナスUP,Center Pos.\nBonus UP
Leader\nボーナスUP,Leader Pos.\nBonus UP
Vocal\nボーナスUP,Vocal Pos.\nBonus UP
Dance\nボーナスUP,Dance Pos.\nBonus UP
Visual\nボーナスUP,Visual Pos.\nBonus UP
体力上限UP,Max Stamina UP
体力減少量軽減,Consume Less\nStamina
体力回復量UP,Stamina\nHeal UP
リタイア回数\n増加,More Retire\nCredits
アイテム\n持ち込み数+,More Item\nSlots
アイテム\n引き継ぎ数+,More Item\nCarry-Over Slots
アドバンテージを選択してください,Please select an Advantage
該当するアドバンテージはありません,No applicable Advantages found
ライブオート,Auto-Live
リタイア回数,Retire Credits
アイテムスロット増加,Increase\nItem Slots
アイテム引き継ぎ,Item Carry-Over
櫻木真乃の\n体力上限UP,Mano's\nMax Stamina UP
風野灯織の\n体力上限UP,Hiori's\nMax Stamina UP
八宮めぐるの\n体力上限UP,Meguru's\nMax Stamina UP
月岡恋鐘の\n体力上限UP,Kogane's\nMax Stamina UP
田中摩美々の\n体力上限UP,Mamimi's\nMax Stamina UP
白瀬咲耶の\n体力上限UP,Sakuya's\nMax Stamina UP
三峰結華の\n体力上限UP,Yuika's\nMax Stamina UP
幽谷霧子の\n体力上限UP,Kiriko's\nMax Stamina UP
小宮果穂の\n体力上限UP,Kaho's\nMax Stamina UP
園田智代子の\n体力上限UP,Chiyoko's\nMax Stamina UP
西城樹里の\n体力上限UP,Juri's\nMax Stamina UP
杜野凛世の\n体力上限UP,Rinze's\nMax Stamina UP
有栖川夏葉の\n体力上限UP,Natsuha's\nMax Stamina UP
大崎甘奈の\n体力上限UP,Amana's\nMax Stamina UP
大崎甜花の\n体力上限UP,Tenka's\nMax Stamina UP
桑山千雪の\n体力上限UP,Chiyuki's\nMax Stamina UP
芹沢あさひの\n体力上限UP,Asahi's\nMax Stamina UP
黛冬優子の\n体力上限UP,Fuyuko's\nMax Stamina UP
和泉愛依の\n体力上限UP,Mei's\nMax Stamina UP
浅倉透の\n体力上限UP,Toru's\nMax Stamina UP
樋口円香の\n体力上限UP,Madoka's\nMax Stamina UP
福丸小糸の\n体力上限UP,Koito's\nMax Stamina UP
市川雛菜の\n体力上限UP,Hinana's\nMax Stamina UP
七草にちかの\n体力上限UP,Nichika's\nMax Stamina UP
緋田美琴の\n体力上限UP,Mikoto's\nMax Stamina UP
斑鳩ルカの\n体力上限UP,Luca's\nMax Stamina UP
鈴木羽那の\n体力上限UP,Hana's\nMax Stamina UP
郁田はるきの\n体力上限UP,Haruki's\nMax Stamina UP
櫻木真乃の\n体力減少量軽減,Mano's Stamina\nConsumption DOWN
風野灯織の\n体力減少量軽減,Hiori's Stamina\nConsumption DOWN
八宮めぐるの\n体力減少量軽減,Meguru's Stamina\nConsumption DOWN
月岡恋鐘の\n体力減少量軽減,Kogane's Stamina\nConsumption DOWN
田中摩美々の\n体力減少量軽減,Mamimi's Stamina\nConsumption DOWN
白瀬咲耶の\n体力減少量軽減,Sakuya's Stamina\nConsumption DOWN
三峰結華の\n体力減少量軽減,Yuika's Stamina\nConsumption DOWN
幽谷霧子の\n体力減少量軽減,Kiriko's Stamina\nConsumption DOWN
小宮果穂の\n体力減少量軽減,Kaho's Stamina\nConsumption DOWN
園田智代子の\n体力減少量軽減,Chiyoko's Stamina\nConsumption DOWN
西城樹里の\n体力減少量軽減,Juri's Stamina\nConsumption DOWN
杜野凛世の\n体力減少量軽減,Rinze's Stamina\nConsumption DOWN
有栖川夏葉の\n体力減少量軽減,Natsuha's Stamina\nConsumption DOWN
大崎甘奈の\n体力減少量軽減,Amana's Stamina\nConsumption DOWN
大崎甜花の\n体力減少量軽減,Tenka's Stamina\nConsumption DOWN
桑山千雪の\n体力減少量軽減,Chiyuki's Stamina\nConsumption DOWN
芹沢あさひの\n体力減少量軽減,Asahi's Stamina\nConsumption DOWN
黛冬優子の\n体力減少量軽減,Fuyuko's Stamina\nConsumption DOWN
和泉愛依の\n体力減少量軽減,Mei's Stamina\nConsumption DOWN
浅倉透の\n体力減少量軽減,Toru's Stamina\nConsumption DOWN
樋口円香の\n体力減少量軽減,Madoka's Stamina\nConsumption DOWN
福丸小糸の\n体力減少量軽減,Koito's Stamina\nConsumption DOWN
市川雛菜の\n体力減少量軽減,Hinana's Stamina\nConsumption DOWN
七草にちかの\n体力減少量軽減,Nichika's Stamina\nConsumption DOWN
緋田美琴の\n体力減少量軽減,Mikoto's Stamina\nConsumption DOWN
斑鳩ルカの\n体力減少量軽減,Luca's Stamina\nConsumption DOWN
鈴木羽那の\n体力減少量軽減,Hana's Stamina\nConsumption DOWN
郁田はるきの\n体力減少量軽減,Haruki's Stamina\nConsumption DOWN
櫻木真乃の\n体力回復量上昇,Mano's Stamina\nRecovery UP
風野灯織の\n体力回復量上昇,Hiori's Stamina\nRecovery UP
八宮めぐるの\n体力回復量上昇,Meguru's Stamina\nRecovery UP
月岡恋鐘の\n体力回復量上昇,Kogane's Stamina\nRecovery UP
田中摩美々の\n体力回復量上昇,Mamimi's Stamina\nRecovery UP
白瀬咲耶の\n体力回復量上昇,Sakuya's Stamina\nRecovery UP
三峰結華の\n体力回復量上昇,Yuika's Stamina\nRecovery UP
幽谷霧子の\n体力回復量上昇,Kiriko's Stamina\nRecovery UP
小宮果穂の\n体力回復量上昇,Kaho's Stamina\nRecovery UP
園田智代子の\n体力回復量上昇,Chiyoko's Stamina\nRecovery UP
西城樹里の\n体力回復量上昇,Juri's Stamina\nRecovery UP
杜野凛世の\n体力回復量上昇,Rinze's Stamina\nRecovery UP
有栖川夏葉の\n体力回復量上昇,Natsuha's Stamina\nRecovery UP
大崎甘奈の\n体力回復量上昇,Amana's Stamina\nRecovery UP
大崎甜花の\n体力回復量上昇,Tenka's Stamina\nRecovery UP
桑山千雪の\n体力回復量上昇,Chiyuki's Stamina\nRecovery UP
芹沢あさひの\n体力回復量上昇,Asahi's Stamina\nRecovery UP
黛冬優子の\n体力回復量上昇,Fuyuko's Stamina\nRecovery UP
和泉愛依の\n体力回復量上昇,Mei's Stamina\nRecovery UP
浅倉透の\n体力回復量上昇,Toru's Stamina\nRecovery UP
樋口円香の\n体力回復量上昇,Madoka's Stamina\nRecovery UP
福丸小糸の\n体力回復量上昇,Koito's Stamina\nRecovery UP
市川雛菜の\n体力回復量上昇,Hinana's Stamina\nRecovery UP
七草にちかの\n体力回復量上昇,Nichika's Stamina\nRecovery UP
緋田美琴の\n体力回復量上昇,Mikoto's Stamina\nRecovery UP
斑鳩ルカの\n体力回復量上昇,Luca's Stamina\nRecovery UP
鈴木羽那の\n体力回復量上昇,Hana's Stamina\nRecovery UP
郁田はるきの\n体力回復量上昇,Haruki's Stamina\nRecovery UP
櫻木真乃の\nCenter担当適正UP,Mano's Center\nPos. Aptitude UP
櫻木真乃の\nLeader担当適正UP,Mano's Leader\nPos. Aptitude UP
櫻木真乃の\nVocal担当適正UP,Mano's Vocal\nPos. Aptitude UP
櫻木真乃の\nDance担当適正UP,Mano's Dance\nPos. Aptitude UP
櫻木真乃の\nVisual担当適正UP,Mano's Visual\nPos. Aptitude UP
風野灯織の\nCenter担当適正UP,Hiori's Center\nPos. Aptitude UP
風野灯織の\nLeader担当適正UP,Hiori's Leader\nPos. Aptitude UP
風野灯織の\nVocal担当適正UP,Hiori's Vocal\nPos. Aptitude UP
風野灯織の\nDance担当適正UP,Hiori's Dance\nPos. Aptitude UP
風野灯織の\nVisual担当適正UP,Hiori's Visual\nPos. Aptitude UP
八宮めぐるの\nCenter担当適正UP,Meguru's Center\nPos. Aptitude UP
八宮めぐるの\nLeader担当適正UP,Meguru's Leader\nPos. Aptitude UP
八宮めぐるの\nVocal担当適正UP,Meguru's Vocal\nPos. Aptitude UP
八宮めぐるの\nDance担当適正UP,Meguru's Dance\nPos. Aptitude UP
八宮めぐるの\nVisual担当適正UP,Meguru's Visual\nPos. Aptitude UP
月岡恋鐘の\nCenter担当適正UP,Kogane's Center\nPos. Aptitude UP
月岡恋鐘の\nLeader担当適正UP,Kogane's Leader\nPos. Aptitude UP
月岡恋鐘の\nVocal担当適正UP,Kogane's Vocal\nPos. Aptitude UP
月岡恋鐘の\nDance担当適正UP,Kogane's Dance\nPos. Aptitude UP
月岡恋鐘の\nVisual担当適正UP,Kogane's Visual\nPos. Aptitude UP
田中摩美々の\nCenter担当適正UP,Mamimi's Center\nPos. Aptitude UP
田中摩美々の\nLeader担当適正UP,Mamimi's Leader\nPos. Aptitude UP
田中摩美々の\nVocal担当適正UP,Mamimi's Vocal\nPos. Aptitude UP
田中摩美々の\nDance担当適正UP,Mamimi's Dance\nPos. Aptitude UP
田中摩美々の\nVisual担当適正UP,Mamimi's Visual\nPos. Aptitude UP
白瀬咲耶の\nCenter担当適正UP,Sakuya's Center\nPos. Aptitude UP
白瀬咲耶の\nLeader担当適正UP,Sakuya's Leader\nPos. Aptitude UP
白瀬咲耶の\nVocal担当適正UP,Sakuya's Vocal\nPos. Aptitude UP
白瀬咲耶の\nDance担当適正UP,Sakuya's Dance\nPos. Aptitude UP
白瀬咲耶の\nVisual担当適正UP,Sakuya's Visual\nPos. Aptitude UP
三峰結華の\nCenter担当適正UP,Yuika's Center\nPos. Aptitude UP
三峰結華の\nLeader担当適正UP,Yuika's Leader\nPos. Aptitude UP
三峰結華の\nVocal担当適正UP,Yuika's Vocal\nPos. Aptitude UP
三峰結華の\nDance担当適正UP,Yuika's Dance\nPos. Aptitude UP
三峰結華の\nVisual担当適正UP,Yuika's Visual\nPos. Aptitude UP
幽谷霧子の\nCenter担当適正UP,Kiriko's Center\nPos. Aptitude UP
幽谷霧子の\nLeader担当適正UP,Kiriko's Leader\nPos. Aptitude UP
幽谷霧子の\nVocal担当適正UP,Kiriko's Vocal\nPos. Aptitude UP
幽谷霧子の\nDance担当適正UP,Kiriko's Dance\nPos. Aptitude UP
幽谷霧子の\nVisual担当適正UP,Kiriko's Visual\nPos. Aptitude UP
小宮果穂の\nCenter担当適正UP,Kaho's Center\nPos. Aptitude UP
小宮果穂の\nLeader担当適正UP,Kaho's Leader\nPos. Aptitude UP
小宮果穂の\nVocal担当適正UP,Kaho's Vocal\nPos. Aptitude UP
小宮果穂の\nDance担当適正UP,Kaho's Dance\nPos. Aptitude UP
小宮果穂の\nVisual担当適正UP,Kaho's Visual\nPos. Aptitude UP
園田智代子の\nCenter担当適正UP,Chiyoko's Center\nPos. Aptitude UP
園田智代子の\nLeader担当適正UP,Chiyoko's Leader\nPos. Aptitude UP
園田智代子の\nVocal担当適正UP,Chiyoko's Vocal\nPos. Aptitude UP
園田智代子の\nDance担当適正UP,Chiyoko's Dance\nPos. Aptitude UP
園田智代子の\nVisual担当適正UP,Chiyoko's Visual\nPos. Aptitude UP
西城樹里の\nCenter担当適正UP,Juri's Center\nPos. Aptitude UP
西城樹里の\nLeader担当適正UP,Juri's Leader\nPos. Aptitude UP
西城樹里の\nVocal担当適正UP,Juri's Vocal\nPos. Aptitude UP
西城樹里の\nDance担当適正UP,Juri's Dance\nPos. Aptitude UP
西城樹里の\nVisual担当適正UP,Juri's Visual\nPos. Aptitude UP
杜野凛世の\nCenter担当適正UP,Rinze's Center\nPos. Aptitude UP
杜野凛世の\nLeader担当適正UP,Rinze's Leader\nPos. Aptitude UP
杜野凛世の\nVocal担当適正UP,Rinze's Vocal\nPos. Aptitude UP
杜野凛世の\nDance担当適正UP,Rinze's Dance\nPos. Aptitude UP
杜野凛世の\nVisual担当適正UP,Rinze's Visual\nPos. Aptitude UP
有栖川夏葉の\nCenter担当適正UP,Natsuha's Center\nPos. Aptitude UP
有栖川夏葉の\nLeader担当適正UP,Natsuha's Leader\nPos. Aptitude UP
有栖川夏葉の\nVocal担当適正UP,Natsuha's Vocal\nPos. Aptitude UP
有栖川夏葉の\nDance担当適正UP,Natsuha's Dance\nPos. Aptitude UP
有栖川夏葉の\nVisual担当適正UP,Natsuha's Visual\nPos. Aptitude UP
大崎甘奈の\nCenter担当適正UP,Amana's Center\nPos. Aptitude UP
大崎甘奈の\nLeader担当適正UP,Amana's Leader\nPos. Aptitude UP
大崎甘奈の\nVocal担当適正UP,Amana's Vocal\nPos. Aptitude UP
大崎甘奈の\nDance担当適正UP,Amana's Dance\nPos. Aptitude UP
大崎甘奈の\nVisual担当適正UP,Amana's Visual\nPos. Aptitude UP
大崎甜花の\nCenter担当適正UP,Tenka's Center\nPos. Aptitude UP
大崎甜花の\nLeader担当適正UP,Tenka's Leader\nPos. Aptitude UP
大崎甜花の\nVocal担当適正UP,Tenka's Vocal\nPos. Aptitude UP
大崎甜花の\nDance担当適正UP,Tenka's Dance\nPos. Aptitude UP
大崎甜花の\nVisual担当適正UP,Tenka's Visual\nPos. Aptitude UP
桑山千雪の\nCenter担当適正UP,Chiyuki's Center\nPos. Aptitude UP
桑山千雪の\nLeader担当適正UP,Chiyuki's Leader\nPos. Aptitude UP
桑山千雪の\nVocal担当適正UP,Chiyuki's Vocal\nPos. Aptitude UP
桑山千雪の\nDance担当適正UP,Chiyuki's Dance\nPos. Aptitude UP
桑山千雪の\nVisual担当適正UP,Chiyuki's Visual\nPos. Aptitude UP
芹沢あさひの\nCenter担当適正UP,Asahi's Center\nPos. Aptitude UP
芹沢あさひの\nLeader担当適正UP,Asahi's Leader\nPos. Aptitude UP
芹沢あさひの\nVocal担当適正UP,Asahi's Vocal\nPos. Aptitude UP
芹沢あさひの\nDance担当適正UP,Asahi's Dance\nPos. Aptitude UP
芹沢あさひの\nVisual担当適正UP,Asahi's Visual\nPos. Aptitude UP
黛冬優子の\nCenter担当適正UP,Fuyuko's Center\nPos. Aptitude UP
黛冬優子の\nLeader担当適正UP,Fuyuko's Leader\nPos. Aptitude UP
黛冬優子の\nVocal担当適正UP,Fuyuko's Vocal\nPos. Aptitude UP
黛冬優子の\nDance担当適正UP,Fuyuko's Dance\nPos. Aptitude UP
黛冬優子の\nVisual担当適正UP,Fuyuko's Visual\nPos. Aptitude UP
和泉愛依の\nCenter担当適正UP,Mei's Center\nPos. Aptitude UP
和泉愛依の\nLeader担当適正UP,Mei's Leader\nPos. Aptitude UP
和泉愛依の\nVocal担当適正UP,Mei's Vocal\nPos. Aptitude UP
和泉愛依の\nDance担当適正UP,Mei's Dance\nPos. Aptitude UP
和泉愛依の\nVisual担当適正UP,Mei's Visual\nPos. Aptitude UP
浅倉透の\nCenter担当適正UP,Toru's Center\nPos. Aptitude UP
浅倉透の\nLeader担当適正UP,Toru's Leader\nPos. Aptitude UP
浅倉透の\nVocal担当適正UP,Toru's Vocal\nPos. Aptitude UP
浅倉透の\nDance担当適正UP,Toru's Dance\nPos. Aptitude UP
浅倉透の\nVisual担当適正UP,Toru's Visual\nPos. Aptitude UP
樋口円香の\nCenter担当適正UP,Madoka's Center\nPos. Aptitude UP
樋口円香の\nLeader担当適正UP,Madoka's Leader\nPos. Aptitude UP
樋口円香の\nVocal担当適正UP,Madoka's Vocal\nPos. Aptitude UP
樋口円香の\nDance担当適正UP,Madoka's Dance\nPos. Aptitude UP
樋口円香の\nVisual担当適正UP,Madoka's Visual\nPos. Aptitude UP
福丸小糸の\nCenter担当適正UP,Koito's Center\nPos. Aptitude UP
福丸小糸の\nLeader担当適正UP,Koito's Leader\nPos. Aptitude UP
福丸小糸の\nVocal担当適正UP,Koito's Vocal\nPos. Aptitude UP
福丸小糸の\nDance担当適正UP,Koito's Dance\nPos. Aptitude UP
福丸小糸の\nVisual担当適正UP,Koito's Visual\nPos. Aptitude UP
市川雛菜の\nCenter担当適正UP,Hinana's Center\nPos. Aptitude UP
市川雛菜の\nLeader担当適正UP,Hinana's Leader\nPos. Aptitude UP
市川雛菜の\nVocal担当適正UP,Hinana's Vocal\nPos. Aptitude UP
市川雛菜の\nDance担当適正UP,Hinana's Dance\nPos. Aptitude UP
市川雛菜の\nVisual担当適正UP,Hinana's Visual\nPos. Aptitude UP
七草にちかの\nCenter担当適正UP,Nichika's Center\nPos. Aptitude UP
七草にちかの\nLeader担当適正UP,Nichika's Leader\nPos. Aptitude UP
七草にちかの\nVocal担当適正UP,Nichika's Vocal\nPos. Aptitude UP
七草にちかの\nDance担当適正UP,Nichika's Dance\nPos. Aptitude UP
七草にちかの\nVisual担当適正UP,Nichika's Visual\nPos. Aptitude UP
緋田美琴の\nCenter担当適正UP,Mikoto's Center\nPos. Aptitude UP
緋田美琴の\nLeader担当適正UP,Mikoto's Leader\nPos. Aptitude UP
緋田美琴の\nVocal担当適正UP,Mikoto's Vocal\nPos. Aptitude UP
緋田美琴の\nDance担当適正UP,Mikoto's Dance\nPos. Aptitude UP
緋田美琴の\nVisual担当適正UP,Mikoto's Visual\nPos. Aptitude UP
斑鳩ルカの\nCenter担当適正UP,Luca's Center\nPos. Aptitude UP
斑鳩ルカの\nLeader担当適正UP,Luca's Leader\nPos. Aptitude UP
斑鳩ルカの\nVocal担当適正UP,Luca's Vocal\nPos. Aptitude UP
斑鳩ルカの\nDance担当適正UP,Luca's Dance\nPos. Aptitude UP
斑鳩ルカの\nVisual担当適正UP,Luca's Visual\nPos. Aptitude UP
鈴木羽那の\nCenter担当適正UP,Hana's Center\nPos. Aptitude UP
鈴木羽那の\nLeader担当適正UP,Hana's Leader\nPos. Aptitude UP
鈴木羽那の\nVocal担当適正UP,Hana's Vocal\nPos. Aptitude UP
鈴木羽那の\nDance担当適正UP,Hana's Dance\nPos. Aptitude UP
鈴木羽那の\nVisual担当適正UP,Hana's Visual\nPos. Aptitude UP
郁田はるきの\nCenter担当適正UP,Haruki's Center\nPos. Aptitude UP
郁田はるきの\nLeader担当適正UP,Haruki's Leader\nPos. Aptitude UP
郁田はるきの\nVocal担当適正UP,Haruki's Vocal\nPos. Aptitude UP
郁田はるきの\nDance担当適正UP,Haruki's Dance\nPos. Aptitude UP
郁田はるきの\nVisual担当適正UP,Haruki's Visual\nPos. Aptitude UP
櫻木真乃の編成時\nVocalアピールUP,When using Mano\nVocal Appeal UP
櫻木真乃の編成時\nDanceアピールUP,When using Mano\nDance Appeal UP
櫻木真乃の編成時\nVisualアピールUP,When using Mano\nVisual Appeal UP
風野灯織の編成時\nVocalアピールUP,When using Hiori\nVocal Appeal UP
風野灯織の編成時\nDanceアピールUP,When using Hiori\nDance Appeal UP
風野灯織の編成時\nVisualアピールUP,When using Hiori\nVisual Appeal UP
八宮めぐるの編成時\nVocalアピールUP,When using Meguru\nVocal Appeal UP
八宮めぐるの編成時\nDanceアピールUP,When using Meguru\nDance Appeal UP
八宮めぐるの編成時\nVisualアピールUP,When using Meguru\nVisual Appeal UP
月岡恋鐘の編成時\nVocalアピールUP,When using Kogane\nVocal Appeal UP
月岡恋鐘の編成時\nDanceアピールUP,When using Kogane\nDance Appeal UP
月岡恋鐘の編成時\nVisualアピールUP,When using Kogane\nVisual Appeal UP
田中摩美々の編成時\nVocalアピールUP,When using Mamimi\nVocal Appeal UP
田中摩美々の編成時\nDanceアピールUP,When using Mamimi\nDance Appeal UP
田中摩美々の編成時\nVisualアピールUP,When using Mamimi\nVisual Appeal UP
白瀬咲耶の編成時\nVocalアピールUP,When using Sakuya\nVocal Appeal UP
白瀬咲耶の編成時\nDanceアピールUP,When using Sakuya\nDance Appeal UP
白瀬咲耶の編成時\nVisualアピールUP,When using Sakuya\nVisual Appeal UP
三峰結華の編成時\nVocalアピールUP,When using Yuika\nVocal Appeal UP
三峰結華の編成時\nDanceアピールUP,When using Yuika\nDance Appeal UP
三峰結華の編成時\nVisualアピールUP,When using Yuika\nVisual Appeal UP
幽谷霧子の編成時\nVocalアピールUP,When using Kiriko\nVocal Appeal UP
幽谷霧子の編成時\nDanceアピールUP,When using Kiriko\nDance Appeal UP
幽谷霧子の編成時\nVisualアピールUP,When using Kiriko\nVisual Appeal UP
小宮果穂の編成時\nVocalアピールUP,When using Kaho\nVocal Appeal UP
小宮果穂の編成時\nDanceアピールUP,When using Kaho\nDance Appeal UP
小宮果穂の編成時\nVisualアピールUP,When using Kaho\nVisual Appeal UP
園田智代子の編成時\nVocalアピールUP,When using Chiyoko\nVocal Appeal UP
園田智代子の編成時\nDanceアピールUP,When using Chiyoko\nDance Appeal UP
園田智代子の編成時\nVisualアピールUP,When using Chiyoko\nVisual Appeal UP
西城樹里の編成時\nVocalアピールUP,When using Juri\nVocal Appeal UP
西城樹里の編成時\nDanceアピールUP,When using Juri\nDance Appeal UP
西城樹里の編成時\nVisualアピールUP,When using Juri\nVisual Appeal UP
杜野凛世の編成時\nVocalアピールUP,When using Rinze\nVocal Appeal UP
杜野凛世の編成時\nDanceアピールUP,When using Rinze\nDance Appeal UP
杜野凛世の編成時\nVisualアピールUP,When using Rinze\nVisual Appeal UP
有栖川夏葉の編成時\nVocalアピールUP,When using Natsuha\nVocal Appeal UP
有栖川夏葉の編成時\nDanceアピールUP,When using Natsuha\nDance Appeal UP
有栖川夏葉の編成時\nVisualアピールUP,When using Natsuha\nVisual Appeal UP
大崎甘奈の編成時\nVocalアピールUP,When using Amana\nVocal Appeal UP
大崎甘奈の編成時\nDanceアピールUP,When using Amana\nDance Appeal UP
大崎甘奈の編成時\nVisualアピールUP,When using Amana\nVisual Appeal UP
大崎甜花の編成時\nVocalアピールUP,When using Tenka\nVocal Appeal UP
大崎甜花の編成時\nDanceアピールUP,When using Tenka\nDance Appeal UP
大崎甜花の編成時\nVisualアピールUP,When using Tenka\nVisual Appeal UP
桑山千雪の編成時\nVocalアピールUP,When using Chiyuki\nVocal Appeal UP
桑山千雪の編成時\nDanceアピールUP,When using Chiyuki\nDance Appeal UP
桑山千雪の編成時\nVisualアピールUP,When using Chiyuki\nVisual Appeal UP
芹沢あさひの編成時\nVocalアピールUP,When using Asahi\nVocal Appeal UP
芹沢あさひの編成時\nDanceアピールUP,When using Asahi\nDance Appeal UP
芹沢あさひの編成時\nVisualアピールUP,When using Asahi\nVisual Appeal UP
黛冬優子の編成時\nVocalアピールUP,When using Fuyuko\nVocal Appeal UP
黛冬優子の編成時\nDanceアピールUP,When using Fuyuko\nDance Appeal UP
黛冬優子の編成時\nVisualアピールUP,When using Fuyuko\nVisual Appeal UP
和泉愛依の編成時\nVocalアピールUP,When using Mei\nVocal Appeal UP
和泉愛依の編成時\nDanceアピールUP,When using Mei\nDance Appeal UP
和泉愛依の編成時\nVisualアピールUP,When using Mei\nVisual Appeal UP
浅倉透の編成時\nVocalアピールUP,When using Toru\nVocal Appeal UP
浅倉透の編成時\nDanceアピールUP,When using Toru\nDance Appeal UP
浅倉透の編成時\nVisualアピールUP,When using Toru\nVisual Appeal UP
樋口円香の編成時\nVocalアピールUP,When using Madoka\nVocal Appeal UP
樋口円香の編成時\nDanceアピールUP,When using Madoka\nDance Appeal UP
樋口円香の編成時\nVisualアピールUP,When using Madoka\nVisual Appeal UP
福丸小糸の編成時\nVocalアピールUP,When using Koito\nVocal Appeal UP
福丸小糸の編成時\nDanceアピールUP,When using Koito\nDance Appeal UP
福丸小糸の編成時\nVisualアピールUP,When using Koito\nVisual Appeal UP
市川雛菜の編成時\nVocalアピールUP,When using Hinana\nVocal Appeal UP
市川雛菜の編成時\nDanceアピールUP,When using Hinana\nDance Appeal UP
市川雛菜の編成時\nVisualアピールUP,When using Hinana\nVisual Appeal UP
七草にちかの編成時\nVocalアピールUP,When using Nichika\nVocal Appeal UP
七草にちかの編成時\nDanceアピールUP,When using Nichika\nDance Appeal UP
七草にちかの編成時\nVisualアピールUP,When using Nichika\nVisual Appeal UP
緋田美琴の編成時\nVocalアピールUP,When using Mikoto\nVocal Appeal UP
緋田美琴の編成時\nDanceアピールUP,When using Mikoto\nDance Appeal UP
緋田美琴の編成時\nVisualアピールUP,When using Mikoto\nVisual Appeal UP
斑鳩ルカの編成時\nVocalアピールUP,When using Luca\nVocal Appeal UP
斑鳩ルカの編成時\nDanceアピールUP,When using Luca\nDance Appeal UP
斑鳩ルカの編成時\nVisualアピールUP,When using Luca\nVisual Appeal UP
鈴木羽那の編成時\nVocalアピールUP,When using Hana\nVocal Appeal UP
鈴木羽那の編成時\nDanceアピールUP,When using Hana\nDance Appeal UP
鈴木羽那の編成時\nVisualアピールUP,When using Hana\nVisual Appeal UP
郁田はるきの編成時\nVocalアピールUP,When using Haruki\nVocal Appeal UP
郁田はるきの編成時\nDanceアピールUP,When using Haruki\nDance Appeal UP
郁田はるきの編成時\nVisualアピールUP,When using Haruki\nVisual Appeal UP
櫻木真乃の 体力上限UP,Mano's Max Stamina UP
風野灯織の 体力上限UP,Hiori's Max Stamina UP
八宮めぐるの 体力上限UP,Meguru's Max Stamina UP
月岡恋鐘の 体力上限UP,Kogane's Max Stamina UP
田中摩美々の 体力上限UP,Mamimi's Max Stamina UP
白瀬咲耶の 体力上限UP,Sakuya's Max Stamina UP
三峰結華の 体力上限UP,Yuika's Max Stamina UP
幽谷霧子の 体力上限UP,Kiriko's Max Stamina UP
小宮果穂の体力上限UP,Kaho's Max Stamina UP
園田智代子の体力上限UP,Chiyoko's Max Stamina UP
西城樹里の体力上限UP,Juri's Max Stamina UP
杜野凛世の体力上限UP,Rinze's Max Stamina UP
有栖川夏葉の体力上限UP,Natsuha's Max Stamina UP
大崎甘奈の体力上限UP,Amana's Max Stamina UP
大崎甜花の体力上限UP,Tenka's Max Stamina UP
桑山千雪の体力上限UP,Chiyuki's Max Stamina UP
芹沢あさひの体力上限UP,Asahi's Max Stamina UP
黛冬優子の体力上限UP,Fuyuko's Max Stamina UP
和泉愛依の体力上限UP,Mei's Max Stamina UP
浅倉透の体力上限UP,Toru's Max Stamina UP
樋口円香の体力上限UP,Madoka's Max Stamina UP
福丸小糸の体力上限UP,Koito's Max Stamina UP
市川雛菜の体力上限UP,Hinana's Max Stamina UP
七草にちかの体力上限UP,Nichika's Max Stamina UP
緋田美琴の体力上限UP,Mikoto's Max Stamina UP
斑鳩ルカの体力上限UP,Luca's Max Stamina UP
鈴木羽那の体力上限UP,Hana's Max Stamina UP
郁田はるきの体力上限UP,Haruki's Max Stamina UP
櫻木真乃の体力減少量軽減,Mano's Stamina Consumption DOWN
風野灯織の体力減少量軽減,Hiori's Stamina Consumption DOWN
八宮めぐるの体力減少量軽減,Meguru's Stamina Consumption DOWN
月岡恋鐘の体力減少量軽減,Kogane's Stamina Consumption DOWN
田中摩美々の体力減少量軽減,Mamimi's Stamina Consumption DOWN
白瀬咲耶の体力減少量軽減,Sakuya's Stamina Consumption DOWN
三峰結華の体力減少量軽減,Yuika's Stamina Consumption DOWN
幽谷霧子の体力減少量軽減,Kiriko's Stamina Consumption DOWN
小宮果穂の体力減少量軽減,Kaho's Stamina Consumption DOWN
園田智代子の体力減少量軽減,Chiyoko's Stamina Consumption DOWN
西城樹里の体力減少量軽減,Juri's Stamina Consumption DOWN
杜野凛世の体力減少量軽減,Rinze's Stamina Consumption DOWN
有栖川夏葉の体力減少量軽減,Natsuha's Stamina Consumption DOWN
大崎甘奈の体力減少量軽減,Amana's Stamina Consumption DOWN
大崎甜花の体力減少量軽減,Tenka's Stamina Consumption DOWN
桑山千雪の体力減少量軽減,Chiyuki's Stamina Consumption DOWN
芹沢あさひの体力減少量軽減,Asahi's Stamina Consumption DOWN
黛冬優子の体力減少量軽減,Fuyuko's Stamina Consumption DOWN
和泉愛依の体力減少量軽減,Mei's Stamina Consumption DOWN
浅倉透の体力減少量軽減,Toru's Stamina Consumption DOWN
樋口円香の体力減少量軽減,Madoka's Stamina Consumption DOWN
福丸小糸の体力減少量軽減,Koito's Stamina Consumption DOWN
市川雛菜の体力減少量軽減,Hinana's Stamina Consumption DOWN
七草にちかの体力減少量軽減,Nichika's Stamina Consumption DOWN
緋田美琴の体力減少量軽減,Mikoto's Stamina Consumption DOWN
斑鳩ルカの体力減少量軽減,Luca's Stamina Consumption DOWN
鈴木羽那の体力減少量軽減,Hana's Stamina Consumption DOWN
郁田はるきの体力減少量軽減,Haruki's Stamina Consumption DOWN
櫻木真乃の体力回復量上昇,Mano's Stamina Recovery UP
風野灯織の体力回復量上昇,Hiori's Stamina Recovery UP
八宮めぐるの体力回復量上昇,Meguru's Stamina Recovery UP
月岡恋鐘の体力回復量上昇,Kogane's Stamina Recovery UP
田中摩美々の体力回復量上昇,Mamimi's Stamina Recovery UP
白瀬咲耶の体力回復量上昇,Sakuya's Stamina Recovery UP
三峰結華の体力回復量上昇,Yuika's Stamina Recovery UP
幽谷霧子の体力回復量上昇,Kiriko's Stamina Recovery UP
小宮果穂の体力回復量上昇,Kaho's Stamina Recovery UP
園田智代子の体力回復量上昇,Chiyoko's Stamina Recovery UP
西城樹里の体力回復量上昇,Juri's Stamina Recovery UP
杜野凛世の体力回復量上昇,Rinze's Stamina Recovery UP
有栖川夏葉の体力回復量上昇,Natsuha's Stamina Recovery UP
大崎甘奈の体力回復量上昇,Amana's Stamina Recovery UP
大崎甜花の体力回復量上昇,Tenka's Stamina Recovery UP
桑山千雪の体力回復量上昇,Chiyuki's Stamina Recovery UP
芹沢あさひの体力回復量上昇,Asahi's Stamina Recovery UP
黛冬優子の体力回復量上昇,Fuyuko's Stamina Recovery UP
和泉愛依の体力回復量上昇,Mei's Stamina Recovery UP
浅倉透の体力回復量上昇,Toru's Stamina Recovery UP
樋口円香の体力回復量上昇,Madoka's Stamina Recovery UP
福丸小糸の体力回復量上昇,Koito's Stamina Recovery UP
市川雛菜の体力回復量上昇,Hinana's Stamina Recovery UP
七草にちかの体力回復量上昇,Nichika's Stamina Recovery UP
緋田美琴の体力回復量上昇,Mikoto's Stamina Recovery UP
斑鳩ルカの体力回復量上昇,Luca's Stamina Recovery UP
鈴木羽那の体力回復量上昇,Hana's Stamina Recovery UP
郁田はるきの体力回復量上昇,Haruki's Stamina Recovery UP
櫻木真乃のCenter担当適正UP,Mano's Center Pos. Aptitude UP
櫻木真乃のLeader担当適正UP,Mano's Leader Pos. Aptitude UP
櫻木真乃のVocal担当適正UP,Mano's Vocal Pos. Aptitude UP
櫻木真乃のDance担当適正UP,Mano's Dance Pos. Aptitude UP
櫻木真乃のVisual担当適正UP,Mano's Visual Pos. Aptitude UP
風野灯織のCenter担当適正UP,Hiori's Center Pos. Aptitude UP
風野灯織のLeader担当適正UP,Hiori's Leader Pos. Aptitude UP
風野灯織のVocal担当適正UP,Hiori's Vocal Pos. Aptitude UP
風野灯織のDance担当適正UP,Hiori's Dance Pos. Aptitude UP
風野灯織のVisual担当適正UP,Hiori's Visual Pos. Aptitude UP
八宮めぐるのCenter担当適正UP,Meguru's Center Pos. Aptitude UP
八宮めぐるのLeader担当適正UP,Meguru's Leader Pos. Aptitude UP
八宮めぐるのVocal担当適正UP,Meguru's Vocal Pos. Aptitude UP
八宮めぐるのDance担当適正UP,Meguru's Dance Pos. Aptitude UP
八宮めぐるのVisual担当適正UP,Meguru's Visual Pos. Aptitude UP
月岡恋鐘のCenter担当適正UP,Kogane's Center Pos. Aptitude UP
月岡恋鐘のLeader担当適正UP,Kogane's Leader Pos. Aptitude UP
月岡恋鐘のVocal担当適正UP,Kogane's Vocal Pos. Aptitude UP
月岡恋鐘のDance担当適正UP,Kogane's Dance Pos. Aptitude UP
月岡恋鐘のVisual担当適正UP,Kogane's Visual Pos. Aptitude UP
田中摩美々のCenter担当適正UP,Mamimi's Center Pos. Aptitude UP
田中摩美々のLeader担当適正UP,Mamimi's Leader Pos. Aptitude UP
田中摩美々のVocal担当適正UP,Mamimi's Vocal Pos. Aptitude UP
田中摩美々のDance担当適正UP,Mamimi's Dance Pos. Aptitude UP
田中摩美々のVisual担当適正UP,Mamimi's Visual Pos. Aptitude UP
白瀬咲耶のCenter担当適正UP,Sakuya's Center Pos. Aptitude UP
白瀬咲耶のLeader担当適正UP,Sakuya's Leader Pos. Aptitude UP
白瀬咲耶のVocal担当適正UP,Sakuya's Vocal Pos. Aptitude UP
白瀬咲耶のDance担当適正UP,Sakuya's Dance Pos. Aptitude UP
白瀬咲耶のVisual担当適正UP,Sakuya's Visual Pos. Aptitude UP
三峰結華のCenter担当適正UP,Yuika's Center Pos. Aptitude UP
三峰結華のLeader担当適正UP,Yuika's Leader Pos. Aptitude UP
三峰結華のVocal担当適正UP,Yuika's Vocal Pos. Aptitude UP
三峰結華のDance担当適正UP,Yuika's Dance Pos. Aptitude UP
三峰結華のVisual担当適正UP,Yuika's Visual Pos. Aptitude UP
幽谷霧子のCenter担当適正UP,Kiriko's Center Pos. Aptitude UP
幽谷霧子のLeader担当適正UP,Kiriko's Leader Pos. Aptitude UP
幽谷霧子のVocal担当適正UP,Kiriko's Vocal Pos. Aptitude UP
幽谷霧子のDance担当適正UP,Kiriko's Dance Pos. Aptitude UP
幽谷霧子のVisual担当適正UP,Kiriko's Visual Pos. Aptitude UP
小宮果穂のCenter担当適正UP,Kaho's Center Pos. Aptitude UP
小宮果穂のLeader担当適正UP,Kaho's Leader Pos. Aptitude UP
小宮果穂のVocal担当適正UP,Kaho's Vocal Pos. Aptitude UP
小宮果穂のDance担当適正UP,Kaho's Dance Pos. Aptitude UP
小宮果穂のVisual担当適正UP,Kaho's Visual Pos. Aptitude UP
園田智代子のCenter担当適正UP,Chiyoko's Center Pos. Aptitude UP
園田智代子のLeader担当適正UP,Chiyoko's Leader Pos. Aptitude UP
園田智代子のVocal担当適正UP,Chiyoko's Vocal Pos. Aptitude UP
園田智代子のDance担当適正UP,Chiyoko's Dance Pos. Aptitude UP
園田智代子のVisual担当適正UP,Chiyoko's Visual Pos. Aptitude UP
西城樹里のCenter担当適正UP,Juri's Center Pos. Aptitude UP
西城樹里のLeader担当適正UP,Juri's Leader Pos. Aptitude UP
西城樹里のVocal担当適正UP,Juri's Vocal Pos. Aptitude UP
西城樹里のDance担当適正UP,Juri's Dance Pos. Aptitude UP
西城樹里のVisual担当適正UP,Juri's Visual Pos. Aptitude UP
杜野凛世のCenter担当適正UP,Rinze's Center Pos. Aptitude UP
杜野凛世のLeader担当適正UP,Rinze's Leader Pos. Aptitude UP
杜野凛世のVocal担当適正UP,Rinze's Vocal Pos. Aptitude UP
杜野凛世のDance担当適正UP,Rinze's Dance Pos. Aptitude UP
杜野凛世のVisual担当適正UP,Rinze's Visual Pos. Aptitude UP
有栖川夏葉のCenter担当適正UP,Natsuha's Center Pos. Aptitude UP
有栖川夏葉のLeader担当適正UP,Natsuha's Leader Pos. Aptitude UP
有栖川夏葉のVocal担当適正UP,Natsuha's Vocal Pos. Aptitude UP
有栖川夏葉のDance担当適正UP,Natsuha's Dance Pos. Aptitude UP
有栖川夏葉のVisual担当適正UP,Natsuha's Visual Pos. Aptitude UP
大崎甘奈のCenter担当適正UP,Amana's Center Pos. Aptitude UP
大崎甘奈のLeader担当適正UP,Amana's Leader Pos. Aptitude UP
大崎甘奈のVocal担当適正UP,Amana's Vocal Pos. Aptitude UP
大崎甘奈のDance担当適正UP,Amana's Dance Pos. Aptitude UP
大崎甘奈のVisual担当適正UP,Amana's Visual Pos. Aptitude UP
大崎甜花のCenter担当適正UP,Tenka's Center Pos. Aptitude UP
大崎甜花のLeader担当適正UP,Tenka's Leader Pos. Aptitude UP
大崎甜花のVocal担当適正UP,Tenka's Vocal Pos. Aptitude UP
大崎甜花のDance担当適正UP,Tenka's Dance Pos. Aptitude UP
大崎甜花のVisual担当適正UP,Tenka's Visual Pos. Aptitude UP
桑山千雪のCenter担当適正UP,Chiyuki's Center Pos. Aptitude UP
桑山千雪のLeader担当適正UP,Chiyuki's Leader Pos. Aptitude UP
桑山千雪のVocal担当適正UP,Chiyuki's Vocal Pos. Aptitude UP
桑山千雪のDance担当適正UP,Chiyuki's Dance Pos. Aptitude UP
桑山千雪のVisual担当適正UP,Chiyuki's Visual Pos. Aptitude UP
芹沢あさひのCenter担当適正UP,Asahi's Center Pos. Aptitude UP
芹沢あさひのLeader担当適正UP,Asahi's Leader Pos. Aptitude UP
芹沢あさひのVocal担当適正UP,Asahi's Vocal Pos. Aptitude UP
芹沢あさひのDance担当適正UP,Asahi's Dance Pos. Aptitude UP
芹沢あさひのVisual担当適正UP,Asahi's Visual Pos. Aptitude UP
黛冬優子のCenter担当適正UP,Fuyuko's Center Pos. Aptitude UP
黛冬優子のLeader担当適正UP,Fuyuko's Leader Pos. Aptitude UP
黛冬優子のVocal担当適正UP,Fuyuko's Vocal Pos. Aptitude UP
黛冬優子のDance担当適正UP,Fuyuko's Dance Pos. Aptitude UP
黛冬優子のVisual担当適正UP,Fuyuko's Visual Pos. Aptitude UP
和泉愛依のCenter担当適正UP,Mei's Center Pos. Aptitude UP
和泉愛依のLeader担当適正UP,Mei's Leader Pos. Aptitude UP
和泉愛依のVocal担当適正UP,Mei's Vocal Pos. Aptitude UP
和泉愛依のDance担当適正UP,Mei's Dance Pos. Aptitude UP
和泉愛依のVisual担当適正UP,Mei's Visual Pos. Aptitude UP
浅倉透のCenter担当適正UP,Toru's Center Pos. Aptitude UP
浅倉透のLeader担当適正UP,Toru's Leader Pos. Aptitude UP
浅倉透のVocal担当適正UP,Toru's Vocal Pos. Aptitude UP
浅倉透のDance担当適正UP,Toru's Dance Pos. Aptitude UP
浅倉透のVisual担当適正UP,Toru's Visual Pos. Aptitude UP
樋口円香のCenter担当適正UP,Madoka's Center Pos. Aptitude UP
樋口円香のLeader担当適正UP,Madoka's Leader Pos. Aptitude UP
樋口円香のVocal担当適正UP,Madoka's Vocal Pos. Aptitude UP
樋口円香のDance担当適正UP,Madoka's Dance Pos. Aptitude UP
樋口円香のVisual担当適正UP,Madoka's Visual Pos. Aptitude UP
福丸小糸のCenter担当適正UP,Koito's Center Pos. Aptitude UP
福丸小糸のLeader担当適正UP,Koito's Leader Pos. Aptitude UP
福丸小糸のVocal担当適正UP,Koito's Vocal Pos. Aptitude UP
福丸小糸のDance担当適正UP,Koito's Dance Pos. Aptitude UP
福丸小糸のVisual担当適正UP,Koito's Visual Pos. Aptitude UP
市川雛菜のCenter担当適正UP,Hinana's Center Pos. Aptitude UP
市川雛菜のLeader担当適正UP,Hinana's Leader Pos. Aptitude UP
市川雛菜のVocal担当適正UP,Hinana's Vocal Pos. Aptitude UP
市川雛菜のDance担当適正UP,Hinana's Dance Pos. Aptitude UP
市川雛菜のVisual担当適正UP,Hinana's Visual Pos. Aptitude UP
七草にちかのCenter担当適正UP,Nichika's Center Pos. Aptitude UP
七草にちかのLeader担当適正UP,Nichika's Leader Pos. Aptitude UP
七草にちかのVocal担当適正UP,Nichika's Vocal Pos. Aptitude UP
七草にちかのDance担当適正UP,Nichika's Dance Pos. Aptitude UP
七草にちかのVisual担当適正UP,Nichika's Visual Pos. Aptitude UP
緋田美琴のCenter担当適正UP,Mikoto's Center Pos. Aptitude UP
緋田美琴のLeader担当適正UP,Mikoto's Leader Pos. Aptitude UP
緋田美琴のVocal担当適正UP,Mikoto's Vocal Pos. Aptitude UP
緋田美琴のDance担当適正UP,Mikoto's Dance Pos. Aptitude UP
緋田美琴のVisual担当適正UP,Mikoto's Visual Pos. Aptitude UP
斑鳩ルカのCenter担当適正UP,Luca's Center Pos. Aptitude UP
斑鳩ルカのLeader担当適正UP,Luca's Leader Pos. Aptitude UP
斑鳩ルカのVocal担当適正UP,Luca's Vocal Pos. Aptitude UP
斑鳩ルカのDance担当適正UP,Luca's Dance Pos. Aptitude UP
斑鳩ルカのVisual担当適正UP,Luca's Visual Pos. Aptitude UP
鈴木羽那のCenter担当適正UP,Hana's Center Pos. Aptitude UP
鈴木羽那のLeader担当適正UP,Hana's Leader Pos. Aptitude UP
鈴木羽那のVocal担当適正UP,Hana's Vocal Pos. Aptitude UP
鈴木羽那のDance担当適正UP,Hana's Dance Pos. Aptitude UP
鈴木羽那のVisual担当適正UP,Hana's Visual Pos. Aptitude UP
郁田はるきのCenter担当適正UP,Haruki's Center Pos. Aptitude UP
郁田はるきのLeader担当適正UP,Haruki's Leader Pos. Aptitude UP
郁田はるきのVocal担当適正UP,Haruki's Vocal Pos. Aptitude UP
郁田はるきのDance担当適正UP,Haruki's Dance Pos. Aptitude UP
郁田はるきのVisual担当適正UP,Haruki's Visual Pos. Aptitude UP
櫻木真乃の編成時VocalアピールUP,When using Mano Vocal Appeal UP
櫻木真乃の編成時DanceアピールUP,When using Mano Dance Appeal UP
櫻木真乃の編成時VisualアピールUP,When using Mano Visual Appeal UP
風野灯織の編成時VocalアピールUP,When using Hiori Vocal Appeal UP
風野灯織の編成時DanceアピールUP,When using Hiori Dance Appeal UP
風野灯織の編成時VisualアピールUP,When using Hiori Visual Appeal UP
八宮めぐるの編成時VocalアピールUP,When using Meguru Vocal Appeal UP
八宮めぐるの編成時DanceアピールUP,When using Meguru Dance Appeal UP
八宮めぐるの編成時VisualアピールUP,When using Meguru Visual Appeal UP
月岡恋鐘の編成時VocalアピールUP,When using Kogane Vocal Appeal UP
月岡恋鐘の編成時DanceアピールUP,When using Kogane Dance Appeal UP
月岡恋鐘の編成時VisualアピールUP,When using Kogane Visual Appeal UP
田中摩美々の編成時VocalアピールUP,When using Mamimi Vocal Appeal UP
田中摩美々の編成時DanceアピールUP,When using Mamimi Dance Appeal UP
田中摩美々の編成時VisualアピールUP,When using Mamimi Visual Appeal UP
白瀬咲耶の編成時VocalアピールUP,When using Sakuya Vocal Appeal UP
白瀬咲耶の編成時DanceアピールUP,When using Sakuya Dance Appeal UP
白瀬咲耶の編成時VisualアピールUP,When using Sakuya Visual Appeal UP
三峰結華の編成時VocalアピールUP,When using Yuika Vocal Appeal UP
三峰結華の編成時DanceアピールUP,When using Yuika Dance Appeal UP
三峰結華の編成時VisualアピールUP,When using Yuika Visual Appeal UP
幽谷霧子の編成時VocalアピールUP,When using Kiriko Vocal Appeal UP
幽谷霧子の編成時DanceアピールUP,When using Kiriko Dance Appeal UP
幽谷霧子の編成時VisualアピールUP,When using Kiriko Visual Appeal UP
小宮果穂の編成時VocalアピールUP,When using Kaho Vocal Appeal UP
小宮果穂の編成時DanceアピールUP,When using Kaho Dance Appeal UP
小宮果穂の編成時VisualアピールUP,When using Kaho Visual Appeal UP
園田智代子の編成時VocalアピールUP,When using Chiyoko Vocal Appeal UP
園田智代子の編成時DanceアピールUP,When using Chiyoko Dance Appeal UP
園田智代子の編成時VisualアピールUP,When using Chiyoko Visual Appeal UP
西城樹里の編成時VocalアピールUP,When using Juri Vocal Appeal UP
西城樹里の編成時DanceアピールUP,When using Juri Dance Appeal UP
西城樹里の編成時VisualアピールUP,When using Juri Visual Appeal UP
杜野凛世の編成時VocalアピールUP,When using Rinze Vocal Appeal UP
杜野凛世の編成時DanceアピールUP,When using Rinze Dance Appeal UP
杜野凛世の編成時VisualアピールUP,When using Rinze Visual Appeal UP
有栖川夏葉の編成時VocalアピールUP,When using Natsuha Vocal Appeal UP
有栖川夏葉の編成時DanceアピールUP,When using Natsuha Dance Appeal UP
有栖川夏葉の編成時VisualアピールUP,When using Natsuha Visual Appeal UP
大崎甘奈の編成時VocalアピールUP,When using Amana Vocal Appeal UP
大崎甘奈の編成時DanceアピールUP,When using Amana Dance Appeal UP
大崎甘奈の編成時VisualアピールUP,When using Amana Visual Appeal UP
大崎甜花の編成時VocalアピールUP,When using Tenka Vocal Appeal UP
大崎甜花の編成時DanceアピールUP,When using Tenka Dance Appeal UP
大崎甜花の編成時VisualアピールUP,When using Tenka Visual Appeal UP
桑山千雪の編成時VocalアピールUP,When using Chiyuki Vocal Appeal UP
桑山千雪の編成時DanceアピールUP,When using Chiyuki Dance Appeal UP
桑山千雪の編成時VisualアピールUP,When using Chiyuki Visual Appeal UP
芹沢あさひの編成時VocalアピールUP,When using Asahi Vocal Appeal UP
芹沢あさひの編成時DanceアピールUP,When using Asahi Dance Appeal UP
芹沢あさひの編成時VisualアピールUP,When using Asahi Visual Appeal UP
黛冬優子の編成時VocalアピールUP,When using Fuyuko Vocal Appeal UP
黛冬優子の編成時DanceアピールUP,When using Fuyuko Dance Appeal UP
黛冬優子の編成時VisualアピールUP,When using Fuyuko Visual Appeal UP
和泉愛依の編成時VocalアピールUP,When using Mei Vocal Appeal UP
和泉愛依の編成時DanceアピールUP,When using Mei Dance Appeal UP
和泉愛依の編成時VisualアピールUP,When using Mei Visual Appeal UP
浅倉透の編成時VocalアピールUP,When using Toru Vocal Appeal UP
浅倉透の編成時DanceアピールUP,When using Toru Dance Appeal UP
浅倉透の編成時VisualアピールUP,When using Toru Visual Appeal UP
樋口円香の編成時VocalアピールUP,When using Madoka Vocal Appeal UP
樋口円香の編成時DanceアピールUP,When using Madoka Dance Appeal UP
樋口円香の編成時VisualアピールUP,When using Madoka Visual Appeal UP
福丸小糸の編成時VocalアピールUP,When using Koito Vocal Appeal UP
福丸小糸の編成時DanceアピールUP,When using Koito Dance Appeal UP
福丸小糸の編成時VisualアピールUP,When using Koito Visual Appeal UP
市川雛菜の編成時VocalアピールUP,When using Hinana Vocal Appeal UP
市川雛菜の編成時DanceアピールUP,When using Hinana Dance Appeal UP
市川雛菜の編成時VisualアピールUP,When using Hinana Visual Appeal UP
七草にちかの編成時VocalアピールUP,When using Nichika Vocal Appeal UP
七草にちかの編成時DanceアピールUP,When using Nichika Dance Appeal UP
七草にちかの編成時VisualアピールUP,When using Nichika Visual Appeal UP
緋田美琴の編成時VocalアピールUP,When using Mikoto Vocal Appeal UP
緋田美琴の編成時DanceアピールUP,When using Mikoto Dance Appeal UP
緋田美琴の編成時VisualアピールUP,When using Mikoto Visual Appeal UP
斑鳩ルカの編成時VocalアピールUP,When using Luca Vocal Appeal UP
斑鳩ルカの編成時DanceアピールUP,When using Luca Dance Appeal UP
斑鳩ルカの編成時VisualアピールUP,When using Luca Visual Appeal UP
鈴木羽那の編成時VocalアピールUP,When using Hana Vocal Appeal UP
鈴木羽那の編成時DanceアピールUP,When using Hana Dance Appeal UP
鈴木羽那の編成時VisualアピールUP,When using Hana Visual Appeal UP
郁田はるきの編成時VocalアピールUP,When using Haruki Vocal Appeal UP
郁田はるきの編成時DanceアピールUP,When using Haruki Dance Appeal UP
郁田はるきの編成時VisualアピールUP,When using Haruki Visual Appeal UP
ライブをオートでプレイできる,Unlocks Auto-Play\noption for lives
リタイア可能回数1,Allows retiring from\n a live once
リタイア可能回数2,Allows retiring from\n a live twice
リタイア可能回数3,Allows retiring from\n a live 3 times
リタイア可能回数4,Allows retiring from\n a live 4 times
リタイア可能回数5,Allows retiring from\n a live 5 times
ライブに持ち込み可能な\nライブアイテム数＋1,Number of items you can\nbring to lives +1
ライブに持ち込み可能な\nライブアイテム数＋2,Number of items you can\nbring to lives +2
ライブに持ち込み可能な\nライブアイテム数＋3,Number of items you can\nbring to lives +3
ライブに持ち込み可能な\nライブアイテム数＋4,Number of items you can\nbring to lives +4
ライブに持ち込み可能な\nライブアイテム数＋5,Number of items you can\nbring to lives +5
ライブアイテムを引き継ぎ可能\n枠＋1,Number of slots for\nitem carry-over +1
ライブアイテムを引き継ぎ可能\n枠＋2,Number of slots for\nitem carry-over +2
ライブアイテムを引き継ぎ可能\n枠＋3,Number of slots for\nitem carry-over +3
ライブアイテムを引き継ぎ可能\n枠＋4,Number of slots for\nitem carry-over +4
ライブアイテムを引き継ぎ可能\n枠＋5,Number of slots for\nitem carry-over +5
審査員情報,Judge Details
テンションが上がります,Tension will increase.
プレゼントボックスを開けるとアイテムが\n獲得できます,By opening the present box\nyou will obtain items.
休憩すると体力が回復します,If you take a break\nstamina will recover.
受けるメンタルダメージを10%UP,Mental dmg. taken +10%
受けるメンタルダメージを20%UP,Mental dmg. taken +20%
受けるメンタルダメージを40%UP,Mental dmg. taken +40%
受けるメンタルダメージを100%UP,Mental dmg. taken +100%
全ジャンルの基礎能力を10%減少,Base Vo/Da/Vi stats -10%
全ジャンルの基礎能力を20%減少,Base Vo/Da/Vi stats -20%
全ジャンルの基礎能力を50%減少,Base Vo/Da/Vi stats -50%
全ジャンルの基礎能力を90%減少,Base Vo/Da/Vi stats -90%
一定間隔でメンタルに1倍ダメージ/Vocal100％UP[2ターン],Periodically deals 1x mental damage & Vocal 100% UP (2 turns)
一定間隔でメンタルに1倍ダメージ/Dance100％UP[2ターン],Periodically deals 1x mental damage & Dance 100% UP (2 turns)
一定間隔でメンタルに1倍ダメージ/Visual100％UP[2ターン],Periodically deals 1x mental damage & Visual 100% UP (2 turns)
一定間隔でメンタルに2倍ダメージ/Vocal10％DOWN[2ターン],Periodically deals 2x mental damage & Vocal 10% DOWN (2 turns)
一定間隔でメンタルに2倍ダメージ/Dance10％DOWN[2ターン],Periodically deals 2x mental damage & Dance 10% DOWN (2 turns)
一定間隔でメンタルに2倍ダメージ/Visual10％DOWN[2ターン],Periodically deals 2x mental damage & Visual 10% DOWN (2 turns)
体力が５０％未満のアイドルが編成されています\nライブを開始しますか？,Some of your idols are under\n50% stamina. Start live anyway?
体力が低いアイドルは、ライブ参加時に\nマイナスのステータス効果がつくなど不利になります,Idols with low stamina are at a\ndisadvantage during lives due to a debuff.
テンションを上げますか？,Raise Tension?
テンションが上がりました,Tension increased!
プレゼントボックスを開けますか？,Open the present box?
休憩しますか？,Take a break?
すべてのアイドルの体力が回復しました,All idols recovered some stamina.
フェスツアーズを開始しますか？,Commence Fes Tours?
スキップはリスタート1回につき1度のみです\nスキップ数に応じたアイテム獲得と体力減少が行われます,You can skip once per restart.\nYou will lose stamina and obtain items\nbased on the nr. of stages skipped.
スキップしますか？,Would you like to skip?
ステージまでスキップできます, stages may be skipped.
ステージまでスキップしました, stages were skipped.
この地方へツアーに向かいますか？,Tour this region?
様々なイベントが発生します,All sorts of events may happen.
イベントを開始しますか？,Start event?
ユニット単独ライブに向けた準備を通してアイドルを成長させることができます。ライブでパフォーマンスする楽曲の熟練度を上げて、ユニット単独ライブを成功させましょう！,Raise idols through preparation for the unit solo live. Improve your skills with deep music performance study and make your unit solo live a success!
"歌唱力の熟練度獲得量が2倍(1週)","2x Vocal Proficiency Gains (1Wk)"
"安定感の熟練度獲得量が2倍(1週)","2x Stability Proficiency Gains (1Wk)"
"表現力の熟練度獲得量が2倍(1週)","2x Expressiveness Proficiency Gains (1Wk)"
"集中力の熟練度獲得量が2倍(1週)","2x Focus Proficiency Gains (1Wk)"
"団結力の熟練度獲得量が2倍(1週)","2x Teamwork Proficiency Gains (1Wk)"
"楽曲サポートボーナスの熟練度獲得量が3倍(1週)","3x Music Support Bonus Proficiency Gains (1Wk)"
"体力の消費量が増加(中)、レッスンのすべての熟練度獲得量が2倍(1週)","Fatigue Drain Increased(Med),2x All Lesson Proficiency Gains (1Wk)"
"お仕事のすべての熟練度獲得量が2倍(1週)","2x All Work Proficiency Gains (1Wk)"
"歌唱力の熟練度獲得量が2倍(2週)","2x Vocal Proficiency Gains (2Wk)"
"安定感の熟練度獲得量が2倍(2週)","2x Stability Proficiency Gains (2Wk)"
"表現力の熟練度獲得量が2倍(2週)","2x Expressiveness Proficiency Gains (2Wk)"
"楽曲サポートボーナスの熟練度獲得量が3倍(2週)","3x Music Support Bonus Proficiency Gains (2Wk)"
"体力の消費量が増加(小)、すべての熟練度獲得量が2倍(1週)","Fatigue Drain Increased(Small),2x All Proficiency Gains (1Wk)"
"集中力の熟練度獲得量が4倍(2週)","4x Focus Proficiency Gains (2Wk)"
"団結力の熟練度獲得量が4倍(2週)","4x Teamwork Proficiency Gains (2Wk)"
"楽曲サポートボーナスの熟練度獲得量が5倍(2週)","5x Music Support Bonus Proficiency Gains (2Wk)"
"トラブル率が+5%、ボーカルレッスンのすべての熟練度獲得量が4倍(2週)","Trouble Rate+5%,4x All Vocal Lesson Proficiency Gains (2Wk)"
"トラブル率が+5%、ダンスレッスンのすべての熟練度獲得量が4倍(2週)","Trouble Rate+5%,4x All Dance Lesson Proficiency Gains (2Wk)"
"トラブル率が+5%、ビジュアルレッスンのすべての熟練度獲得量が4倍(2週)","Trouble Rate+5%,4x All Visual Lesson Proficiency Gains (2Wk)"
"集中力の熟練度獲得量が2倍(2週)","2x Focus Proficiency Gains (2Wk)"
"団結力の熟練度獲得量が2倍(2週)","2x Teamwork Proficiency Gains (2Wk)"
"トラブル率が+5%、ボーカルレッスンのすべての熟練度獲得量が2倍(2週)","Trouble Rate+5%,2x All Vocal Lesson Proficiency Gains (2Wk)"
"トラブル率が+5%、ダンスレッスンのすべての熟練度獲得量が2倍(2週)","Trouble Rate+5%,2x All Dance Lesson Proficiency Gains (2Wk)"
"トラブル率が+5%、ビジュアルレッスンのすべての熟練度獲得量が2倍(2週)","Trouble Rate+5%,2x All Visual Lesson Proficiency Gains (2Wk)"
"歌唱力の熟練度獲得量が4倍(2週)","4x Vocal Proficiency Gains (2Wk)"
"安定感の熟練度獲得量が4倍(2週)","4x Stability Proficiency Gains (2Wk)"
"表現力の熟練度獲得量が4倍(2週)","4x Expressiveness Proficiency Gains (2Wk)"
"お仕事のすべての熟練度獲得量が4倍(1週)","4x All Work Proficiency Gains (1Wk)"
"体力の消費量が増加(小)、すべての熟練度獲得量が2倍(2週)","Fatigue Drain Increased(Small),2x All Proficiency Gains (2Wk)"
"トラブル率が+5%、ボーカルレッスンのすべての熟練度獲得量が2倍(1週)","Trouble Rate+5%,2x All Vocal Lesson Proficiency Gains (1Wk)"
"ボーカルレッスンのすべての熟練度獲得量が3倍(1週)","3x All Vocal Lesson Proficiency Gains (1Wk)"
"体力の消費量が増加(小)、レッスンのすべての熟練度獲得量が5倍(1週)","Fatigue Drain Increased(Small),5x All Lesson Proficiency Gains (1Wk)"
"トラブル率が+5%、ダンスレッスンのすべての熟練度獲得量が2倍(1週)","Trouble Rate+5%,2x All Dance Lesson Proficiency Gains (1Wk)"
"ダンスレッスンのすべての熟練度獲得量が3倍(1週)","3x All Dance Lesson Proficiency Gains (1Wk)"
"トラブル率が+5%、ビジュアルレッスンのすべての熟練度獲得量が2倍(1週)","Trouble Rate+5%,2x All Visual Lesson Proficiency Gains (1Wk)"
"ビジュアルレッスンのすべての熟練度獲得量が3倍(1週)","3x All Visual Lesson Proficiency Gains (1Wk)"
"ビジュアルレッスンのすべての熟練度獲得量が3倍(2週)","3x All Visual Lesson Proficiency Gains (2Wk)"
"ラジオの収録のすべての熟練度獲得量が3倍(1週)","3x Radio Show Proficiency Gains (1Wk)"
"トークイベントのすべての熟練度獲得量が3倍(1週)","3x Talk Show Proficiency Gains (1Wk)"
"レッスンのすべての熟練度獲得量が2倍(1週)","2x All Lesson Proficiency Gains (1Wk)"
"レッスンのすべての熟練度獲得量が4倍(1週)","4x All Lesson Proficiency Gains (1Wk)"
"すべての熟練度獲得量が3倍(1週)","3x All Proficiency Gains (1Wk)"
"雑誌の撮影のすべての熟練度獲得量が3倍(1週)","3x Photoshoot Proficiency Gains (1Wk)"
プロデューサーさんのペースに合わせて\n営業先を選んでくださいね～,Please choose a job according\nto your own playstyle～
所持枠を超えているものは自動的に破棄されます,Items over max capacity will be destroyed
アイドル同士でノウハウを教えあいながら、最高の今を作っていきます。レッスンやお仕事、オーディションやライブを通してエキシビションの舞台を成功させましょう！,"While teaching know-how between fellow idols, create the very best. Make the exhibition stage a success through lessons, work, auditions, and lives!"